0, 43.903, 17.2514, 42.3869, 51, 5, 861991462336724992
1, 44.6603, 16.2212, 42.4313, 51, 5, 861991462336724992
2, 43.9434, 16.2212, 42.4313, 51, 5, 861991462336724992
3, 43.7017, 16.2212, 42.0378, 51, 5, 861991462336724992
4, 43.9434, 16.2212, 42.1459, 51.4614, 5, 861991462336724992
5, 43.9434, 15.8698, 42.4313, 51.0641, 5, 861991462336724992
6, 43.9434, 15.8605, 42.4313, 51, 5, 861991462336724992
7, 43.4379, 16.2212, 42.2603, 51.0996, 5, 861991462336724992
8, 44.2359, 16.2212, 42.4313, 51, 5, 861991462336724992
9, 43.9434, 16.2212, 42.4313, 51, 5, 861991462336724992
10, 46.6599, 16.2212, 42.4313, 51, 5, 861991462336724992
11, 44.1763, 16.675, 42.1564, 51, 5, 861991462336724992
12, 44.5324, 16.8699, 42.4313, 51, 5, 861991462336724992
13, 43.9434, 15.8015, 43.1002, 51.1069, 5, 861991462336724992
14, 44.0311, 15.7344, 42.4313, 51, 5, 861991462336724992
15, 44.1074, 16.2212, 42.5847, 51, 5, 861991462336724992
16, 44.2096, 16.2096, 42.6512, 51, 5, 861991462336724992
17, 43.4379, 16.5054, 42.4313, 51.6636, 5, 861991462336724992
18, 43.9434, 16.2212, 43.4284, 50.4838, 5, 861991462336724992
19, 43.9234, 16.2212, 42.4313, 51.3306, 5, 861991462336724992
20, 43.4943, 16.1169, 42.5972, 51, 5, 861991462336724992
21, 43.4379, 16.2212, 42.4313, 51, 5, 861991462336724992
22, 43.9434, 16.2212, 42.4085, 51.3477, 5, 861991462336724992
23, 43.9434, 16.4007, 42.4313, 50.64, 5, 861991462336724992
24, 43.9434, 16.9675, 42.4313, 50.9356, 5, 861991462336724992
25, 43.9434, 16.2212, 43.0113, 51, 5, 861991462336724992
26, 44.2359, 16.1471, 42.4313, 50.6627, 5, 861991462336724992
27, 43.9496, 16.2212, 42.4313, 51, 5, 861991462336724992
28, 43.7017, 16.2212, 42.0378, 51, 5, 861991462336724992
29, 43.9107, 16.2212, 42.4313, 51, 5, 861991462336724992
30, 43.4174, 16.2212, 42.0188, 51.0575, 5, 861991462336724992
31, 44.1687, 16.169, 42.4313, 51.3494, 5, 861991462336724992
32, 43.9434, 16.2212, 41.9118, 51, 5, 861991462336724992
33, 43.9434, 16.2212, 42.4313, 50.9052, 5, 861991462336724992
34, 43.9377, 15.8084, 43.6402, 51.1916, 5, 861991462336724992
35, 43.9434, 16.3656, 42.8727, 51, 5, 861991462336724992
36, 44.1063, 15.8234, 42.875, 51.5382, 5, 861991462336724992
37, 43.9434, 15.8277, 42.1254, 50.6065, 5, 861991462336724992
38, 43.9434, 16.2212, 42.4313, 51, 5, 861991462336724992
39, 43.9434, 15.6648, 42.7385, 51, 5, 861991462336724992
40, 43.9434, 16.2212, 42.4313, 51.1565, 5, 861991462336724992
41, 43.9434, 15.6329, 42.4313, 51.3306, 5, 861991462336724992
42, 44.6558, 16.2212, 42.4313, 51, 5, 861991462336724992
43, 43.9434, 16.2212, 42.4313, 51.6487, 5, 861991462336724992
44, 44.321, 16.2212, 42.4313, 51, 5, 861991462336724992
45, 43.9434, 15.6329, 42.4313, 51.0195, 5, 861991462336724992
46, 43.9434, 16.2212, 42.5955, 51, 5, 861991462336724992
47, 43.9434, 15.8808, 42.3685, 51.6487, 5, 861991462336724992
48, 43.9434, 16.2212, 43.7125, 51, 5, 861991462336724992
49, 43.9434, 16.2212, 42.5546, 50.4967, 5, 861991462336724992
50, 43.7335, 16.2212, 42.4313, 51, 5, 861991462336724992
51, 43.9434, 16.2212, 42.314, 51.1011, 5, 861991462336724992
52, 43.9434, 16.2212, 42.4313, 51.1034, 5, 861991462336724992
53, 43.3867, 16.2212, 42.5186, 51.0328, 5, 861991462336724992
54, 43.9434, 16.2212, 42.4313, 50.8625, 5, 861991462336724992
55, 43.9434, 16.2212, 42.4313, 50.3943, 5, 861991462336724992
56, 44.5944, 16.2212, 42.4313, 51.1764, 5, 861991462336724992
57, 43.9434, 15.8873, 41.9076, 51, 5, 861991462336724992
58, 43.9434, 15.6119, 42.4313, 50.9012, 5, 861991462336724992
59, 43.6399, 16.0682, 42.4313, 52.021, 5, 861991462336724992
60, 43.3901, 16.2212, 42.6434, 51.5335, 5, 861991462336724992
61, 43.9434, 16.2212, 42.4313, 51, 5, 861991462336724992
62, 43.9434, 16.2212, 42.4313, 50.7402, 5, 861991462336724992
63, 43.9434, 15.8843, 42.4313, 51, 5, 861991462336724992
64, 44.4635, 16.2212, 43.2335, 51, 5, 861991462336724992
65, 43.9434, 16.2212, 42.4313, 51, 5, 861991462336724992
66, 43.9434, 16.2212, 42.4313, 51, 5, 861991462336724992
67, 43.9434, 16.2212, 42.4313, 51.4146, 5, 861991462336724992
68, 43.9434, 15.9624, 42.4313, 51, 5, 861991462336724992
69, 43.9434, 16.2212, 42.022, 51, 5, 861991462336724992
70, 44.0932, 15.9377, 42.0611, 50.6579, 5, 861991462336724992
71, 43.9434, 16.2212, 43.0812, 51.7948, 5, 861991462336724992
72, 43.9421, 16.1347, 42.4313, 51, 5, 861991462336724992
73, 44.2811, 16.2212, 42.3321, 50.6974, 5, 861991462336724992
74, 44.3843, 16.2236, 42.4313, 51.1634, 5, 861991462336724992
75, 43.9434, 16.2212, 42.4313, 51.304, 5, 861991462336724992
76, 44.1516, 16.2212, 43.0571, 50.7505, 5, 861991462336724992
77, 44.4774, 16.2212, 42.4313, 51.9077, 5, 861991462336724992
78, 43.9434, 16.2212, 42.4313, 51.3579, 5, 861991462336724992
79, 43.9434, 15.81, 42.4313, 51, 5, 861991462336724992
80, 44.6945, 15.8573, 42.4313, 51.5539, 5, 861991462336724992
81, 43.4835, 16.2212, 42.4313, 51.5335, 5, 861991462336724992
82, 43.9526, 16.2212, 42.1906, 51, 5, 861991462336724992
83, 43.9434, 16.383, 42.4313, 51, 5, 861991462336724992
84, 44.5944, 16.2212, 42.4313, 51.1764, 5, 861991462336724992
85, 43.5927, 16.1486, 42.4313, 51, 5, 861991462336724992
86, 44.3234, 15.8819, 41.9867, 51, 5, 861991462336724992
87, 44.1082, 16.2212, 42.4313, 50.7886, 5, 861991462336724992
88, 43.9434, 16.2148, 42.4313, 50.6957, 5, 861991462336724992
89, 43.9434, 16.2212, 42.4548, 51.6487, 5, 861991462336724992
90, 43.8139, 16.1146, 42.4313, 52.3035, 5, 861991462336724992
91, 43.9434, 16.2212, 42.6483, 51, 5, 861991462336724992
92, 43.6609, 16.2212, 42.4313, 50.4268, 5, 861991462336724992
93, 43.9434, 16.277, 41.9067, 50.6487, 5, 861991462336724992
94, 43.9434, 15.876, 42.4758, 51, 5, 861991462336724992
95, 44.0071, 16.2212, 42.4313, 51, 5, 861991462336724992
96, 43.9434, 16.5973, 42.4313, 51, 5, 861991462336724992
97, 43.9434, 16.1602, 42.1019, 51, 5, 861991462336724992
98, 43.4014, 16.6597, 42.4313, 50.4781, 5, 861991462336724992
99, 43.9289, 16.2212, 43.9696, 51.2591, 5, 861991462336724992
100, 43.8896, 15.7348, 42.4313, 51, 5, 861991462336724992
101, 43.9434, 16.2212, 42.4313, 51, 5, 861991462336724992
102, 44.0489, 15.9075, 42.4313, 50.9295, 5, 861991462336724992
103, 43.4943, 16.2212, 42.4313, 51, 5, 861991462336724992
104, 43.9434, 17.2781, 42.1667, 50.8356, 5, 861991462336724992
105, 43.9434, 16.8377, 42.4313, 51, 5, 861991462336724992
106, 43.4768, 16.2212, 42.4313, 50.8911, 5, 861991462336724992
107, 43.9434, 17.6797, 42.8007, 51.129, 5, 861991462336724992
108, 43.9434, 16.2212, 42.4313, 51.0002, 5, 861991462336724992
109, 43.9434, 16.2212, 42.5197, 51.5335, 5, 861991462336724992
110, 44.3683, 16.119, 42.4313, 51.1659, 5, 861991462336724992
111, 44.5941, 16.2212, 43.5771, 51.0384, 5, 861991462336724992
112, 43.9434, 16.3145, 42.382, 52.154, 5, 861991462336724992
113, 43.9434, 16.2212, 42.4313, 51, 5, 861991462336724992
114, 43.6227, 15.8277, 42.4313, 50.5136, 5, 861991462336724992
115, 44.9414, 16.2212, 42.4313, 51, 5, 861991462336724992
116, 43.9434, 16.2212, 42.4313, 51, 5, 861991462336724992
117, 43.7115, 16.2212, 43.71, 50.8199, 5, 861991462336724992
118, 43.9434, 15.6329, 42.3355, 51, 5, 861991462336724992
119, 44.4692, 16.2212, 41.9157, 51.721, 5, 861991462336724992
120, 43.8192, 15.8205, 42.4313, 50.62, 5, 861991462336724992
121, 44.6361, 17.3538, 42.4313, 51.033, 5, 861991462336724992
122, 43.9434, 16.0309, 42.4313, 51, 5, 861991462336724992
123, 44.1652, 16.2212, 42.4313, 51, 5, 861991462336724992
124, 43.9434, 16.7435, 42.4313, 51, 5, 861991462336724992
125, 43.9492, 16.2212, 42.6501, 51.2748, 5, 861991462336724992
126, 43.7087, 16.2212, 42.4313, 51.9295, 5, 861991462336724992
127, 44.5922, 15.7497, 42.4313, 51, 5, 861991462336724992
128, 43.9434, 15.793, 42.4085, 51.3477, 5, 861991462336724992
129, 43.9434, 15.6329, 42.8007, 51.129, 5, 861991462336724992
130, 43.9434, 16.2212, 43.0011, 51, 5, 861991462336724992
131, 43.9434, 15.8669, 42.4548, 51, 5, 861991462336724992
132, 44.0311, 16.4785, 42.4313, 51.6925, 5, 861991462336724992
133, 43.9434, 16.2212, 42.3096, 51.0424, 5, 861991462336724992
134, 43.5767, 16.2212, 42.4313, 51.0874, 5, 861991462336724992
135, 43.9434, 17.723, 42.4313, 50.5675, 5, 861991462336724992
136, 43.9434, 15.9136, 42.4313, 50.7369, 5, 861991462336724992
137, 43.9434, 15.9174, 42.2446, 51.1069, 5, 861991462336724992
138, 44.0733, 16.2212, 42.4548, 51.0167, 5, 861991462336724992
139, 43.9434, 16.2212, 43.6624, 51.5959, 5, 861991462336724992
140, 44.1687, 16.0145, 41.9143, 51, 5, 861991462336724992
141, 43.9434, 16.3011, 42.2126, 50.8269, 5, 861991462336724992
142, 43.9434, 16.2212, 42.4313, 50.6065, 5, 861991462336724992
143, 43.9434, 16.2212, 42.4313, 51, 5, 861991462336724992
144, 43.9434, 16.157, 42.4313, 51, 5, 861991462336724992
145, 43.9434, 16.2212, 42.4313, 51, 5, 861991462336724992
146, 43.7352, 16.2212, 42.4313, 51, 5, 861991462336724992
147, 43.9434, 16.2403, 42.4313, 52.3109, 5, 861991462336724992
148, 43.9434, 17.1273, 42.4777, 51, 5, 861991462336724992
149, 43.9434, 16.2212, 42.4313, 51, 5, 861991462336724992
150, 43.916, 15.6701, 42.4313, 51, 5, 861991462336724992
151, 44.0322, 16.2212, 42.4313, 50.5172, 5, 861991462336724992
152, 44.2402, 16.2212, 42.1105, 51, 5, 861991462336724992
153, 43.903, 16.7671, 42.4313, 51, 5, 861991462336724992
154, 43.9434, 16.5602, 42.4313, 51, 5, 861991462336724992
155, 43.9492, 16.2212, 42.6501, 50.6974, 5, 861991462336724992
156, 44.3225, 16.2212, 42.4313, 51, 5, 861991462336724992
157, 43.9434, 17.2068, 42.4313, 51, 5, 861991462336724992
158, 43.9434, 15.8084, 43.6402, 51, 5, 861991462336724992
159, 43.9434, 16.2212, 42.6501, 51, 5, 861991462336724992
160, 43.5686, 16.5847, 43.0503, 51, 5, 861991462336724992
161, 43.9434, 16.2212, 42.4313, 51, 5, 861991462336724992
162, 43.9434, 16.2212, 42.4313, 51.4795, 5, 861991462336724992
163, 44.0825, 16.5602, 42.4313, 51, 5, 861991462336724992
164, 43.9434, 16.2212, 42.1105, 51, 5, 861991462336724992
165, 43.9434, 16.2212, 42.4313, 50.8911, 5, 861991462336724992
166, 43.6921, 15.7883, 42.1286, 50.6364, 5, 861991462336724992
167, 43.9434, 17.3743, 42.4313, 50.9428, 5, 861991462336724992
168, 43.9434, 16.0504, 42.443, 51.5459, 5, 861991462336724992
169, 43.9421, 16.2212, 42.3721, 51.1309, 5, 861991462336724992
170, 44.4003, 15.8627, 42.4313, 51, 5, 861991462336724992
171, 43.944, 16.2212, 42.4313, 51, 5, 861991462336724992
172, 43.9434, 16.2212, 42.1105, 51, 5, 861991462336724992
173, 43.9434, 16.2212, 42.4313, 51, 5, 861991462336724992
174, 44.5898, 16.2212, 42.3597, 51, 5, 861991462336724992
175, 43.9434, 16.2212, 42.4313, 51, 5, 861991462336724992
176, 45.0878, 17.1185, 42.7941, 51, 5, 861991462336724992
177, 43.8419, 16.2212, 42.4313, 51, 5, 861991462336724992
178, 44.5465, 16.0126, 41.8789, 51, 5, 861991462336724992
179, 43.9421, 16.2212, 41.9868, 51.1309, 5, 861991462336724992
180, 43.9434, 16.3424, 42.4313, 51.1001, 5, 861991462336724992
181, 44.6945, 16.0128, 42.4313, 51, 5, 861991462336724992
182, 43.9434, 16.2212, 42.6235, 51.0546, 5, 861991462336724992
183, 43.9434, 16.2212, 42.4313, 51, 5, 861991462336724992
184, 44.4398, 16.7671, 42.5676, 51.1667, 5, 861991462336724992
185, 43.9434, 15.6387, 42.4313, 50.8175, 5, 861991462336724992
186, 43.9434, 15.8277, 42.4313, 51, 5, 861991462336724992
187, 43.9434, 16.2212, 42.4822, 50.6475, 5, 861991462336724992
188, 43.9434, 16.0517, 42.3597, 51.1222, 5, 861991462336724992
189, 43.9434, 16.7239, 42.0188, 51, 5, 861991462336724992
190, 43.6224, 16.2212, 42.4313, 51, 5, 861991462336724992
191, 43.9434, 16.0886, 42.0378, 51, 5, 861991462336724992
192, 43.9434, 16.2212, 42.331, 51, 5, 861991462336724992
193, 43.9434, 16.3428, 42.4313, 52.4208, 5, 861991462336724992
194, 43.5619, 15.6332, 42.4313, 51, 5, 861991462336724992
195, 43.9434, 16.2212, 42.4313, 51, 5, 861991462336724992
196, 43.9434, 16.2212, 42.4313, 51, 5, 861991462336724992
197, 44.0645, 16.2212, 42.4313, 50.5675, 5, 861991462336724992
198, 43.9434, 16.4781, 43.4343, 51, 5, 861991462336724992
199, 43.9434, 16.2212, 42.4313, 51, 5, 861991462336724992
200, 43.9434, 16.4099, 42.4313, 50.6845, 5, 861991462336724992
201, 44.0863, 15.8073, 41.8717, 50.9295, 5, 861991462336724992
202, 43.5602, 16.0043, 42.4313, 51.2034, 5, 861991462336724992
203, 43.9434, 16.1486, 42.4313, 50.8549, 5, 861991462336724992
204, 43.9434, 16.2212, 42.4313, 50.8226, 5, 861991462336724992
205, 44.3938, 16.2212, 43.033, 50.8984, 5, 861991462336724992
206, 44.1781, 16.2212, 42.0696, 54.6212, 5, 861991462336724992
207, 43.9434, 15.6082, 42.022, 51.6635, 5, 861991462336724992
208, 43.9434, 16.137, 42.4313, 50.8472, 5, 861991462336724992
209, 43.4772, 16.2212, 42.9772, 51, 5, 861991462336724992
210, 44.2015, 16.0019, 42.3194, 51.9308, 5, 861991462336724992
211, 43.9434, 16.2212, 42.4313, 50.8269, 5, 861991462336724992
212, 43.9434, 16.4111, 42.4313, 51, 5, 861991462336724992
213, 43.9434, 16.2212, 42.4313, 50.7816, 5, 861991462336724992
214, 43.9434, 16.2212, 42.0958, 51.0777, 5, 861991462336724992
215, 43.9434, 16.0962, 42.3107, 53.1407, 5, 861991462336724992
216, 43.9434, 16.2212, 42.4313, 51, 5, 861991462336724992
217, 43.9434, 16.2975, 45.4501, 51.1044, 5, 861991462336724992
218, 44.2962, 16.1285, 42.4313, 50.4781, 5, 861991462336724992
219, 47.0702, 16.2212, 42.4313, 51.869, 5, 861991462336724992
220, 43.9434, 16.9784, 42.4313, 51, 5, 861991462336724992
221, 43.6463, 18.6046, 42.2006, 50.9884, 5, 861991462336724992
222, 43.9434, 15.8098, 42.1669, 50.7175, 5, 861991462336724992
223, 44.2359, 16.2212, 42.0877, 51, 5, 861991462336724992
224, 43.8654, 15.8687, 41.9157, 51, 5, 861991462336724992
225, 43.9434, 16.795, 42.0816, 51, 5, 861991462336724992
226, 44.1079, 16.4309, 42.4313, 51, 5, 861991462336724992
227, 44.028, 16.8979, 42.4313, 51, 5, 861991462336724992
228, 43.9434, 16.2212, 42.4313, 51, 5, 861991462336724992
229, 43.7384, 16.2212, 42.4313, 50.5508, 5, 861991462336724992
230, 43.9434, 15.8784, 42.4313, 51.1091, 5, 861991462336724992
231, 43.9434, 16.2212, 42.4313, 51.9729, 5, 861991462336724992
232, 43.9434, 16.7063, 43.0113, 51.8481, 5, 861991462336724992
233, 43.6546, 16.2212, 42.4313, 51, 5, 861991462336724992
234, 44.5941, 17.4108, 41.9297, 51.0384, 5, 861991462336724992
235, 44.9414, 15.5914, 42.3212, 51.8858, 5, 861991462336724992
236, 43.9434, 16.2212, 43.2589, 54.116, 5, 861991462336724992
237, 43.9434, 16.2212, 42.8591, 51.3614, 5, 861991462336724992
238, 43.9434, 16.207, 42.4313, 51, 5, 861991462336724992
239, 44.5976, 16.2212, 42.3592, 51, 5, 861991462336724992
240, 43.9434, 16.2212, 42.4313, 50.9217, 5, 861991462336724992
241, 44.557, 16.2043, 42.4313, 51, 5, 861991462336724992
242, 43.9434, 16.2212, 41.9157, 51, 5, 861991462336724992
243, 44.1848, 15.6803, 42.4313, 51, 5, 861991462336724992
244, 43.9434, 16.2212, 42.4313, 51, 5, 861991462336724992
245, 43.9434, 15.7961, 42.3685, 51.6487, 5, 861991462336724992
246, 43.7303, 16.2212, 42.4313, 50.4166, 5, 861991462336724992
247, 43.9507, 16.2212, 43.877, 50.4782, 5, 861991462336724992
248, 43.5917, 16.2212, 42.4313, 51, 5, 861991462336724992
249, 43.9434, 16.7784, 42.4313, 51, 5, 861991462336724992
250, 43.9434, 16.7536, 42.4313, 51.1128, 5, 861991462336724992
251, 43.9434, 15.6447, 42.4313, 51, 5, 861991462336724992
252, 43.9434, 16.8983, 42.084, 51, 5, 861991462336724992
253, 43.7067, 16.5301, 42.4313, 51.0546, 5, 861991462336724992
254, 43.3452, 16.0188, 42.806, 51, 5, 861991462336724992
255, 43.4354, 16.2212, 42.1246, 51, 5, 861991462336724992
256, 43.9434, 16.5026, 42.8656, 51, 5, 861991462336724992
257, 43.9434, 16.3859, 42.9223, 51, 5, 861991462336724992
258, 43.483, 15.6329, 42.298, 51, 5, 861991462336724992
259, 43.9434, 17.1714, 42.6501, 51.0654, 5, 861991462336724992
260, 44.0071, 16.4653, 42.4313, 51.2748, 5, 861991462336724992
261, 43.9434, 16.2212, 42.4313, 51, 5, 861991462336724992
262, 43.9434, 16.5304, 42.4313, 51.1069, 5, 861991462336724992
263, 43.9434, 16.7536, 42.4313, 51, 5, 861991462336724992
264, 44.1382, 16.8961, 42.4313, 51, 5, 861991462336724992
265, 43.9434, 16.2212, 42.4313, 51, 5, 861991462336724992
266, 44.0013, 16.2212, 42.4313, 50.675, 5, 861991462336724992
267, 43.9434, 17.1273, 42.4313, 51, 5, 861991462336724992
268, 43.9434, 15.8277, 42.4313, 51.4156, 5, 861991462336724992
269, 44.5068, 16.2212, 42.4313, 50.4782, 5, 861991462336724992
270, 43.9434, 16.2212, 42.4313, 51, 5, 861991462336724992
271, 43.9434, 16.5637, 42.4313, 51.1034, 5, 861991462336724992
272, 43.9434, 15.966, 42.4313, 50.9295, 5, 861991462336724992
273, 44.0922, 16.2212, 41.8972, 51, 5, 861991462336724992
274, 43.9434, 16.4374, 42.4548, 51, 5, 861991462336724992
275, 44.0706, 15.7005, 42.3072, 51, 5, 861991462336724992
276, 43.9434, 16.2212, 42.4313, 51, 5, 861991462336724992
277, 44.4133, 15.77, 41.7878, 51, 5, 861991462336724992
278, 43.9434, 16.0413, 42.4548, 51, 5, 861991462336724992
279, 43.9434, 16.2212, 42.2709, 51, 5, 861991462336724992
280, 43.6693, 16.2212, 42.4313, 51, 5, 861991462336724992
281, 44.0706, 16.2212, 42.0078, 51, 5, 861991462336724992
282, 43.9434, 16.2212, 42.4313, 51, 5, 861991462336724992
283, 43.9434, 16.2212, 42.4313, 50.4852, 5, 861991462336724992
284, 43.6921, 16.8961, 42.4313, 50.7456, 5, 861991462336724992
285, 43.9434, 16.2212, 42.1335, 50.8588, 5, 861991462336724992
286, 43.9434, 16.9622, 43.2676, 50.7729, 5, 861991462336724992
287, 43.9434, 16.2212, 42.4822, 51, 5, 861991462336724992
288, 44.9048, 16.8882, 42.4313, 51, 5, 861991462336724992
289, 44.4635, 15.9281, 42.7828, 51, 5, 861991462336724992
290, 43.9434, 16.3415, 42.5038, 51, 5, 861991462336724992
291, 43.9434, 16.2212, 42.4313, 50.4325, 5, 861991462336724992
292, 44.0135, 16.2212, 42.9667, 51, 5, 861991462336724992
293, 43.9434, 16.2212, 42.4313, 51.3494, 5, 861991462336724992
294, 43.9923, 16.9784, 43.3344, 51.8727, 5, 861991462336724992
295, 43.9434, 15.9526, 42.4313, 51, 5, 861991462336724992
296, 43.6921, 16.2212, 42.4313, 51, 5, 861991462336724992
297, 43.9434, 15.8277, 42.4313, 51, 5, 861991462336724992
298, 43.9434, 16.2212, 42.4313, 51, 5, 861991462336724992
299, 43.9434, 16.3145, 42.4313, 51, 5, 861991462336724992
300, 43.5022, 15.8665, 42.4313, 51.1395, 5, 861991462336724992
301, 44.5976, 16.2212, 42.0378, 51.0296, 5, 861991462336724992
302, 43.9434, 15.8543, 42.2064, 51, 5, 861991462336724992
303, 43.9434, 17.34, 42.4313, 50.7985, 5, 861991462336724992
304, 43.9434, 17.6434, 42.1437, 51, 5, 861991462336724992
305, 43.6609, 16.2212, 42.4313, 51, 5, 861991462336724992
306, 43.8522, 15.81, 42.4313, 51.3306, 5, 861991462336724992
307, 43.9434, 17.1498, 43.2448, 50.8984, 5, 861991462336724992
308, 44.133, 16.2212, 42.4313, 51.4042, 5, 861991462336724992
309, 43.9434, 16.2212, 42.4313, 51, 5, 861991462336724992
310, 43.9434, 16.2212, 42.4313, 51, 5, 861991462336724992
311, 43.9434, 16.2212, 42.4313, 51, 5, 861991462336724992
312, 43.9434, 17.1273, 42.4313, 51, 5, 861991462336724992
313, 43.7812, 16.2212, 41.9619, 50.6482, 5, 861991462336724992
314, 43.9434, 16.2212, 42.4313, 50.9077, 5, 861991462336724992
315, 43.9434, 16.422, 42.314, 51, 5, 861991462336724992
316, 43.9434, 16.2688, 42.4313, 51, 5, 861991462336724992
317, 43.9434, 15.6119, 42.9809, 51, 5, 861991462336724992
318, 44.3516, 16.2212, 43.255, 51, 5, 861991462336724992
319, 43.9434, 15.863, 42.4548, 51, 5, 861991462336724992
320, 44.7461, 15.8277, 42.4313, 50.4057, 5, 861991462336724992
321, 43.9434, 16.2212, 42.5067, 51.1034, 5, 861991462336724992
322, 44.0825, 16.2212, 42.4313, 51, 5, 861991462336724992
323, 43.5164, 16.2212, 42.4313, 51, 5, 861991462336724992
324, 43.9434, 16.2212, 42.298, 51, 5, 861991462336724992
325, 43.9434, 16.2212, 42.4313, 50.7243, 5, 861991462336724992
326, 43.9434, 16.2212, 42.4313, 50.9303, 5, 861991462336724992
327, 43.4578, 16.2212, 43.3308, 50.8957, 5, 861991462336724992
328, 43.6906, 16.2212, 42.4313, 51, 5, 861991462336724992
329, 43.6291, 16.2212, 42.4313, 51, 5, 861991462336724992
330, 43.9434, 16.2212, 42.4313, 51.0296, 5, 861991462336724992
331, 43.9434, 16.2212, 42.2489, 50.6065, 5, 861991462336724992
332, 43.9434, 16.157, 42.0829, 51, 5, 861991462336724992
333, 43.9434, 16.6449, 43.2041, 51, 5, 861991462336724992
334, 43.9434, 16.2212, 42.1104, 50.6844, 5, 861991462336724992
335, 43.5159, 15.9885, 42.4313, 51.3232, 5, 861991462336724992
336, 44.2386, 16.2212, 42.4313, 51, 5, 861991462336724992
337, 43.9434, 16.4802, 42.4313, 51, 5, 861991462336724992
338, 43.9434, 16.8841, 42.4313, 51.6452, 5, 861991462336724992
339, 43.9434, 15.9203, 43.483, 50.6911, 5, 861991462336724992
340, 44.4588, 17.21, 42.4313, 51.4236, 5, 861991462336724992
341, 43.3667, 16.3964, 42.2166, 51, 5, 861991462336724992
342, 43.9434, 16.5846, 44.6938, 50.603, 5, 861991462336724992
343, 43.9434, 15.7021, 42.4313, 51, 5, 861991462336724992
344, 43.9434, 16.5358, 42.4313, 51, 5, 861991462336724992
345, 44.4635, 16.9086, 42.7828, 50.7223, 5, 861991462336724992
346, 43.9434, 16.4659, 42.4313, 51, 5, 861991462336724992
347, 43.3879, 16.2212, 42.4313, 51.1684, 5, 861991462336724992
348, 44.5944, 16.5399, 42.4313, 51, 5, 861991462336724992
349, 43.9434, 16.2212, 42.7828, 51, 5, 861991462336724992
350, 43.7067, 16.1826, 42.4313, 51, 5, 861991462336724992
351, 43.9434, 16.2212, 42.4856, 51, 5, 861991462336724992
352, 43.9434, 15.6709, 42.4313, 50.8175, 5, 861991462336724992
353, 43.9434, 15.9443, 42.2216, 52.1501, 5, 861991462336724992
354, 43.9434, 16.2212, 42.4313, 50.6957, 5, 861991462336724992
355, 43.9434, 16.2212, 42.4313, 51.2797, 5, 861991462336724992
356, 43.9434, 16.1164, 42.1564, 51, 5, 861991462336724992
357, 43.9434, 16.2212, 42.5725, 51, 5, 861991462336724992
358, 43.7068, 16.2212, 42.2099, 51, 5, 861991462336724992
359, 43.356, 16.498, 42.4313, 52.117, 5, 861991462336724992
360, 44.2364, 15.4751, 42.0378, 51, 5, 861991462336724992
361, 43.9434, 16.2804, 42.4313, 51, 5, 861991462336724992
362, 44.5329, 16.9703, 41.9091, 51.1764, 5, 861991462336724992
363, 43.9434, 16.6634, 42.4313, 51, 5, 861991462336724992
364, 43.9434, 16.2212, 42.4313, 51, 5, 861991462336724992
365, 43.5956, 15.9885, 43.7125, 51, 5, 861991462336724992
366, 43.9434, 16.6449, 42.8391, 51, 5, 861991462336724992
367, 43.9434, 16.2212, 42.4313, 50.8549, 5, 861991462336724992
368, 43.9434, 16.2212, 42.4313, 51.5335, 5, 861991462336724992
369, 43.9492, 16.2212, 42.4313, 51, 5, 861991462336724992
370, 43.9434, 16.2212, 42.1395, 50.6957, 5, 861991462336724992
371, 43.6261, 16.2212, 42.4313, 51, 5, 861991462336724992
372, 44.2789, 16.9703, 41.9091, 51, 5, 861991462336724992
373, 44.299, 16.2212, 42.4313, 51, 5, 861991462336724992
374, 43.9434, 15.7994, 42.4313, 51, 5, 861991462336724992
375, 43.9434, 16.2212, 42.4313, 51, 5, 861991462336724992
376, 43.8271, 16.2212, 42.7784, 51, 5, 861991462336724992
377, 43.8743, 16.2212, 42.4313, 51, 5, 861991462336724992
378, 44.2068, 15.8566, 42.3597, 51, 5, 861991462336724992
379, 44.1996, 16.2212, 42.0054, 51, 5, 861991462336724992
380, 44.2314, 15.7993, 42.2382, 51, 5, 861991462336724992
381, 43.9434, 16.2212, 42.4313, 50.7791, 5, 861991462336724992
382, 43.9434, 15.6122, 42.4313, 51.0046, 5, 861991462336724992
383, 43.9434, 16.5024, 41.9091, 51, 5, 861991462336724992
384, 43.9434, 16.9784, 42.7102, 51, 5, 861991462336724992
385, 44.2466, 16.2924, 42.4313, 50.8175, 5, 861991462336724992
386, 44.2622, 17.7499, 42.1085, 50.5531, 5, 861991462336724992
387, 43.5508, 16.2212, 43.6633, 51, 5, 861991462336724992
388, 44.2364, 16.2212, 42.5398, 51, 5, 861991462336724992
389, 43.9434, 16.2212, 42.5881, 51.8654, 5, 861991462336724992
390, 43.7818, 16.2452, 42.4313, 51, 5, 861991462336724992
391, 44.5922, 16.2212, 42.4313, 52.1414, 5, 861991462336724992
392, 43.9434, 16.0909, 43.7905, 50.8869, 5, 861991462336724992
393, 43.9434, 16.2212, 42.4313, 51.333, 5, 861991462336724992
394, 43.4014, 16.0709, 42.6501, 51, 5, 861991462336724992
395, 44.1037, 16.2212, 42.4313, 51, 5, 861991462336724992
396, 44.0081, 15.7507, 42.5186, 51.1034, 5, 861991462336724992
397, 43.9434, 16.0128, 42.2595, 51, 5, 861991462336724992
398, 43.6224, 16.2212, 43.0446, 51, 5, 861991462336724992
399, 43.4935, 16.2212, 42.4313, 51.5976, 5, 861991462336724992
400, 43.9734, 16.2212, 42.4313, 51, 5, 861991462336724992
401, 43.7209, 16.2212, 43.7467, 51.8481, 5, 861991462336724992
402, 43.9434, 16.2212, 43.0725, 50.8927, 5, 861991462336724992
403, 43.9289, 15.9422, 42.4313, 51, 5, 861991462336724992
404, 44.1964, 15.8277, 42.4313, 51, 5, 861991462336724992
405, 44.0474, 16.6449, 42.4313, 51.6487, 5, 861991462336724992
406, 43.9434, 16.2212, 43.08, 51.1546, 5, 861991462336724992
407, 43.6156, 16.9638, 42.4313, 51, 5, 861991462336724992
408, 44.2789, 16.5141, 41.9091, 51, 5, 861991462336724992
409, 43.9434, 16.2212, 42.1832, 52.3655, 5, 861991462336724992
410, 43.9434, 15.8277, 42.4313, 51, 5, 861991462336724992
411, 43.9434, 16.7142, 42.4313, 51, 5, 861991462336724992
412, 43.4255, 16.2885, 42.9276, 51, 5, 861991462336724992
413, 43.9434, 16.2212, 42.4313, 51, 5, 861991462336724992
414, 43.8279, 16.5057, 42.4313, 51, 5, 861991462336724992
415, 43.9434, 16.2212, 42.314, 51.6487, 5, 861991462336724992
416, 43.9255, 16.2212, 42.1105, 50.8225, 5, 861991462336724992
417, 43.9873, 16.2212, 42.7521, 51, 5, 861991462336724992
418, 43.9434, 16.2212, 42.4313, 52.8141, 5, 861991462336724992
419, 43.9434, 15.7164, 42.4313, 51.1096, 5, 861991462336724992
420, 43.6088, 16.2212, 42.0827, 51, 5, 861991462336724992
421, 43.9434, 17.0188, 42.2758, 51.067, 5, 861991462336724992
422, 43.9434, 15.7348, 42.4822, 51, 5, 861991462336724992
423, 45.4482, 16.2212, 42.9302, 50.3943, 5, 861991462336724992
424, 44.2721, 16.2212, 42.4313, 51, 5, 861991462336724992
425, 43.9434, 16.2212, 42.9249, 51, 5, 861991462336724992
426, 43.6188, 16.2212, 42.1019, 51.333, 5, 861991462336724992
427, 43.9592, 16.2212, 42.4313, 50.6985, 5, 861991462336724992
428, 44.4588, 16.2212, 41.7684, 50.9866, 5, 861991462336724992
429, 43.9434, 16.2212, 42.2599, 50.3772, 5, 861991462336724992
430, 43.8743, 16.2212, 42.4085, 51.3477, 5, 861991462336724992
431, 44.0932, 16.2212, 42.4822, 50.7899, 5, 861991462336724992
432, 43.8672, 16.2212, 42.4313, 50.9959, 5, 861991462336724992
433, 43.7736, 16.5273, 42.3082, 51, 5, 861991462336724992
434, 43.9434, 16.2212, 42.1939, 51.5335, 5, 861991462336724992
435, 43.9434, 16.5301, 42.4313, 50.761, 5, 861991462336724992
436, 43.4014, 16.2212, 42.4313, 51, 5, 861991462336724992
437, 44.5941, 16.8699, 42.4313, 50.881, 5, 861991462336724992
438, 44.3428, 15.6062, 42.4313, 51, 5, 861991462336724992
439, 43.353, 17.1714, 42.5214, 51.3571, 5, 861991462336724992
440, 43.9434, 16.2212, 43.2676, 51, 5, 861991462336724992
441, 44.5922, 16.4396, 42.1335, 51, 5, 861991462336724992
442, 45.3297, 15.8205, 42.4313, 50.6477, 5, 861991462336724992
443, 43.9434, 16.2212, 42.8481, 52.0727, 5, 861991462336724992
444, 43.9434, 15.5914, 42.4313, 50.9012, 5, 861991462336724992
445, 43.9434, 16.2212, 42.9249, 51.7183, 5, 861991462336724992
446, 43.9434, 17.2792, 42.3096, 51, 5, 861991462336724992
447, 43.9434, 16.2212, 41.8604, 51, 5, 861991462336724992
448, 43.9434, 16.5301, 42.4313, 51, 5, 861991462336724992
449, 43.9434, 16.2212, 42.4313, 50.6524, 5, 861991462336724992
450, 44.5076, 16.7169, 42.4429, 51.3944, 5, 861991462336724992
451, 44.3803, 16.2212, 42.4313, 50.6974, 5, 861991462336724992
452, 43.9434, 16.9638, 42.4919, 51, 5, 861991462336724992
453, 43.9434, 16.4526, 42.3836, 51, 5, 861991462336724992
454, 43.9434, 16.498, 42.9787, 51, 5, 861991462336724992
455, 43.9434, 16.2212, 42.4313, 51, 5, 861991462336724992
456, 43.9434, 16.1902, 42.4548, 51, 5, 861991462336724992
457, 43.9434, 16.5102, 42.7349, 51.8314, 5, 861991462336724992
458, 43.9434, 16.2212, 43.0571, 51.4084, 5, 861991462336724992
459, 43.9434, 16.0279, 44.6066, 50.8346, 5, 861991462336724992
460, 43.3667, 15.7478, 42.4411, 51, 5, 861991462336724992
461, 45.1642, 16.2212, 43.2592, 51, 5, 861991462336724992
462, 43.9628, 16.2212, 42.4453, 52.984, 5, 861991462336724992
463, 44.6603, 16.2212, 42.4313, 51, 5, 861991462336724992
464, 43.9434, 16.3645, 43.08, 51, 5, 861991462336724992
465, 43.9434, 16.2212, 43.9788, 51, 5, 861991462336724992
466, 43.7736, 16.2212, 42.3238, 51, 5, 861991462336724992
467, 43.9434, 16.2318, 42.4313, 52.391, 5, 861991462336724992
468, 44.2364, 16.5924, 42.4313, 51, 5, 861991462336724992
469, 47.057, 16.2212, 42.4313, 51.558, 5, 861991462336724992
470, 43.9434, 15.9241, 42.4313, 51, 5, 861991462336724992
471, 43.9434, 16.2212, 42.1564, 51, 5, 861991462336724992
472, 44.0863, 15.5636, 42.9076, 50.6055, 5, 861991462336724992
473, 44.0674, 16.2212, 42.4313, 50.6065, 5, 861991462336724992
474, 43.9434, 16.2212, 42.4313, 51, 5, 861991462336724992
475, 43.9434, 15.8084, 42.5232, 50.4512, 5, 861991462336724992
476, 43.9434, 17.2158, 42.4313, 51, 5, 861991462336724992
477, 43.6524, 16.7378, 41.9953, 51, 5, 861991462336724992
478, 43.9434, 17.4899, 42.4313, 50.8303, 5, 861991462336724992
479, 43.9434, 16.2212, 42.3542, 50.8911, 5, 861991462336724992
480, 45.6246, 16.2212, 42.4313, 51, 5, 861991462336724992
481, 43.9434, 16.2212, 43.08, 51, 5, 861991462336724992
482, 43.8524, 16.2212, 42.4313, 50.5709, 5, 861991462336724992
483, 43.9434, 16.2212, 42.084, 51, 5, 861991462336724992
484, 43.9434, 17.0164, 43.0244, 51, 5, 861991462336724992
485, 43.9434, 16.2212, 42.4313, 50.761, 5, 861991462336724992
486, 43.9434, 16.2212, 42.1233, 51, 5, 861991462336724992
487, 43.9434, 16.9638, 43.2592, 51, 5, 861991462336724992
488, 44.222, 16.2212, 42.4313, 51.1002, 5, 861991462336724992
489, 43.9434, 16.1169, 42.3145, 51.6452, 5, 861991462336724992
490, 43.9289, 16.2212, 43.4898, 50.5679, 5, 861991462336724992
491, 43.9434, 16.2212, 42.4313, 50.707, 5, 861991462336724992
492, 43.9434, 16.2212, 42.4313, 51.1929, 5, 861991462336724992
493, 43.9434, 16.2212, 42.5955, 51, 5, 861991462336724992
494, 43.9434, 17.5632, 41.9942, 51.5201, 5, 861991462336724992
495, 43.9107, 16.2212, 42.3776, 51, 5, 861991462336724992
496, 43.8862, 16.2212, 42.4313, 50.6134, 5, 861991462336724992
497, 43.7107, 15.6119, 42.6892, 50.9012, 5, 861991462336724992
498, 43.9434, 17.2023, 42.4313, 50.6845, 5, 861991462336724992
499, 43.6551, 15.7462, 42.4313, 51.5356, 5, 861991462336724992
500, 43.9434, 16.2212, 42.4313, 51.0561, 5, 861991462336724992
501, 43.9434, 16.5301, 42.0624, 50.761, 5, 861991462336724992
502, 44.1074, 16.9784, 42.789, 51, 5, 861991462336724992
503, 43.9434, 16.2212, 42.3691, 51, 5, 861991462336724992
504, 43.9434, 16.2212, 42.4313, 51, 5, 861991462336724992
505, 43.9434, 16.2212, 42.4313, 51, 5, 861991462336724992
506, 43.9434, 17.1532, 42.0378, 51, 5, 861991462336724992
507, 43.5167, 16.2212, 42.4313, 51, 5, 861991462336724992
508, 43.9434, 16.2212, 42.4313, 51.5158, 5, 861991462336724992
509, 45.2162, 16.4026, 42.4313, 51, 5, 861991462336724992
510, 43.9434, 16.2212, 42.4085, 51, 5, 861991462336724992
511, 43.9434, 16.2212, 42.7517, 51.0447, 5, 861991462336724992
512, 43.9434, 16.2212, 42.4313, 50.8911, 5, 861991462336724992
513, 43.6921, 16.2212, 42.4313, 51, 5, 861991462336724992
514, 45.0196, 16.0071, 42.4313, 50.8764, 5, 861991462336724992
515, 43.8555, 16.2212, 42.4313, 50.5433, 5, 861991462336724992
516, 43.9434, 16.2212, 42.4313, 51.1514, 5, 861991462336724992
517, 43.9434, 15.9921, 43.0191, 51.6487, 5, 861991462336724992
518, 44.3945, 16.2212, 42.4313, 51.3764, 5, 861991462336724992
519, 43.9434, 16.4511, 41.9157, 51.3628, 5, 861991462336724992
520, 43.9434, 16.2212, 42.4313, 51.6487, 5, 861991462336724992
521, 43.9434, 17.7695, 42.4313, 50.9666, 5, 861991462336724992
522, 43.8419, 16.2212, 42.4313, 51, 5, 861991462336724992
523, 43.5207, 16.0092, 42.4313, 51.0486, 5, 861991462336724992
524, 43.9923, 15.9761, 42.4313, 51, 5, 861991462336724992
525, 43.55, 16.2212, 42.4313, 51, 5, 861991462336724992
526, 43.9434, 16.415, 42.4313, 51.2493, 5, 861991462336724992
527, 43.9434, 16.2212, 42.7697, 51, 5, 861991462336724992
528, 44.1063, 16.2212, 42.0816, 51, 5, 861991462336724992
529, 43.9434, 16.2212, 43.7197, 51, 5, 861991462336724992
530, 43.9434, 16.9784, 42.3186, 50.8175, 5, 861991462336724992
531, 44.3857, 16.5602, 42.4313, 50.9528, 5, 861991462336724992
532, 43.5464, 16.2212, 42.6912, 51, 5, 861991462336724992
533, 43.9434, 15.7901, 42.4313, 51.7749, 5, 861991462336724992
534, 43.9434, 16.2212, 42.4313, 50.8303, 5, 861991462336724992
535, 44.2336, 16.2212, 43.4831, 51, 5, 861991462336724992
536, 43.9434, 16.2212, 42.4313, 52.6501, 5, 861991462336724992
537, 43.9434, 16.2212, 43.6402, 51.1916, 5, 861991462336724992
538, 44.3306, 16.2212, 41.9882, 51, 5, 861991462336724992
539, 43.9434, 16.2452, 42.4387, 51, 5, 861991462336724992
540, 43.9434, 15.673, 42.4313, 51, 5, 861991462336724992
541, 43.7995, 16.1495, 42.4313, 51, 5, 861991462336724992
542, 43.5602, 16.2212, 42.9736, 51.1034, 5, 861991462336724992
543, 45.8415, 17.7622, 42.4085, 51, 5, 861991462336724992
544, 43.9434, 15.8722, 42.4313, 51, 5, 861991462336724992
545, 43.2899, 16.2351, 42.4313, 51, 5, 861991462336724992
546, 44.9633, 16.0286, 42.4313, 51, 5, 861991462336724992
547, 44.0825, 16.3764, 43.7125, 51, 5, 861991462336724992
548, 43.9434, 16.2212, 42.445, 51, 5, 861991462336724992
549, 43.9434, 17.0153, 43.0811, 51, 5, 861991462336724992
550, 43.9434, 16.1529, 42.1982, 50.48, 5, 861991462336724992
551, 43.9434, 16.2212, 42.4313, 51, 5, 861991462336724992
552, 43.6268, 16.1594, 42.1383, 51, 5, 861991462336724992
553, 43.9434, 16.2212, 42.4313, 51, 5, 861991462336724992
554, 43.9434, 16.1539, 42.4313, 50.5286, 5, 861991462336724992
555, 43.9434, 16.0929, 42.4313, 51, 5, 861991462336724992
556, 43.9434, 15.9537, 42.4313, 51, 5, 861991462336724992
557, 43.9434, 16.1804, 42.4313, 51, 5, 861991462336724992
558, 43.9434, 16.2212, 42.4313, 51, 5, 861991462336724992
559, 43.9977, 16.2206, 42.4313, 51, 5, 861991462336724992
560, 43.9434, 16.2212, 42.4313, 50.5419, 5, 861991462336724992
561, 43.9434, 16.4651, 42.4313, 50.6858, 5, 861991462336724992
562, 43.6276, 16.2212, 42.4313, 50.9259, 5, 861991462336724992
563, 44.4852, 17.3149, 42.4313, 51.2398, 5, 861991462336724992
564, 44.2622, 16.2212, 42.4313, 51.2682, 5, 861991462336724992
565, 43.9434, 16.2212, 42.4313, 50.5675, 5, 861991462336724992
566, 43.9434, 16.5637, 42.0307, 51.1002, 5, 861991462336724992
567, 43.9434, 16.3292, 42.4313, 51, 5, 861991462336724992
568, 43.9434, 16.2212, 42.1414, 51, 5, 861991462336724992
569, 43.4659, 16.2832, 42.4313, 51.1011, 5, 861991462336724992
570, 43.9434, 16.8699, 42.4892, 51.2094, 5, 861991462336724992
571, 44.6123, 16.2212, 42.4313, 51.2281, 5, 861991462336724992
572, 43.9434, 16.2212, 42.4085, 51, 5, 861991462336724992
573, 43.9434, 16.2678, 42.4313, 51, 5, 861991462336724992
574, 43.5602, 16.0019, 42.4313, 51, 5, 861991462336724992
575, 43.9434, 16.2212, 42.4313, 51, 5, 861991462336724992
576, 43.9188, 16.2212, 42.4313, 51, 5, 861991462336724992
577, 43.9434, 16.2212, 42.4313, 50.5051, 5, 861991462336724992
578, 43.7825, 16.2212, 42.4313, 51, 5, 861991462336724992
579, 43.9434, 15.9761, 42.4313, 51, 5, 861991462336724992
580, 43.9734, 16.2212, 41.8789, 51, 5, 861991462336724992
581, 43.9434, 16.157, 42.4313, 51, 5, 861991462336724992
582, 43.9434, 16.1688, 42.4313, 51, 5, 861991462336724992
583, 43.9434, 15.9016, 42.4313, 51.9744, 5, 861991462336724992
584, 43.6921, 16.2212, 42.9366, 50.7456, 5, 861991462336724992
585, 43.9434, 16.2212, 42.209, 51, 5, 861991462336724992
586, 43.9434, 16.2212, 42.4313, 51.8002, 5, 861991462336724992
587, 43.6631, 16.5916, 42.8007, 51, 5, 861991462336724992
588, 43.4789, 16.3176, 42.4313, 50.4782, 5, 861991462336724992
589, 43.55, 16.61, 42.5708, 51, 5, 861991462336724992
590, 43.9434, 16.2212, 42.4313, 51, 5, 861991462336724992
591, 43.9434, 17.1277, 42.4313, 50.8595, 5, 861991462336724992
592, 43.9434, 16.2212, 42.4313, 50.4782, 5, 861991462336724992
593, 43.9434, 16.2212, 42.4313, 51.8429, 5, 861991462336724992
594, 44.5922, 16.2212, 42.4313, 51.3331, 5, 861991462336724992
595, 43.9434, 16.2212, 42.4313, 51, 5, 861991462336724992
596, 44.4728, 16.2212, 42.4313, 51, 5, 861991462336724992
597, 43.3132, 15.8566, 42.4313, 50.3822, 5, 861991462336724992
598, 44.2554, 16.2212, 42.4313, 50.2287, 5, 861991462336724992
599, 43.7097, 15.7767, 42.443, 50.4903, 5, 861991462336724992
600, 43.9434, 16.4167, 42.4313, 51.8858, 5, 861991462336724992
601, 43.9434, 16.2212, 42.6483, 51.5312, 5, 861991462336724992
602, 44.2391, 16.5069, 42.4313, 50.6484, 5, 861991462336724992
603, 44.2359, 16.3428, 42.3869, 51.4525, 5, 861991462336724992
604, 43.9434, 16.2212, 42.4313, 52.5708, 5, 861991462336724992
605, 44.2364, 17.4108, 43.0763, 51, 5, 861991462336724992
606, 44.321, 16.2212, 42.4313, 52.0584, 5, 861991462336724992
607, 44.263, 16.726, 41.7415, 51, 5, 861991462336724992
608, 43.4222, 16.2212, 42.3192, 51, 5, 861991462336724992
609, 43.3452, 16.1803, 42.7178, 51, 5, 861991462336724992
610, 44.2386, 16.2212, 42.4313, 51, 5, 861991462336724992
611, 45.6246, 16.1803, 42.4313, 51, 5, 861991462336724992
612, 43.9434, 16.2212, 42.2382, 50.9432, 5, 861991462336724992
613, 43.9434, 16.9784, 42.4313, 51, 5, 861991462336724992
614, 43.9434, 15.8721, 42.4313, 51, 5, 861991462336724992
615, 43.9434, 16.2212, 41.9786, 51.7379, 5, 861991462336724992
616, 43.9434, 16.2212, 42.314, 51.1166, 5, 861991462336724992
617, 43.6463, 16.1654, 42.4313, 51, 5, 861991462336724992
618, 43.9434, 16.2212, 42.5558, 51.6487, 5, 861991462336724992
619, 43.9434, 16.137, 42.4313, 50.6494, 5, 861991462336724992
620, 43.9434, 16.0899, 42.4313, 51, 5, 861991462336724992
621, 43.9434, 16.2212, 42.7349, 50.7816, 5, 861991462336724992
622, 44.1037, 16.9393, 43.399, 50.881, 5, 861991462336724992
623, 43.9631, 17.8254, 42.4313, 50.3964, 5, 861991462336724992
624, 43.9434, 15.809, 42.9692, 51, 5, 861991462336724992
625, 44.5922, 16.0886, 42.4313, 50.7052, 5, 861991462336724992
626, 43.8727, 16.5003, 42.4313, 51, 5, 861991462336724992
627, 44.2359, 16.2528, 42.4313, 51, 5, 861991462336724992
628, 44.7119, 17.0164, 42.9825, 51.0867, 5, 861991462336724992
629, 43.9434, 16.8441, 42.8438, 51, 5, 861991462336724992
630, 43.9434, 16.2212, 42.4313, 51.6487, 5, 861991462336724992
631, 43.651, 16.5304, 42.4313, 51, 5, 861991462336724992
632, 43.9434, 16.2212, 42.443, 50.5135, 5, 861991462336724992
633, 43.9434, 16.2212, 42.4313, 50.6106, 5, 861991462336724992
634, 44.9414, 16.2212, 42.4313, 51, 5, 861991462336724992
635, 43.9434, 17.1842, 42.8358, 50.8346, 5, 861991462336724992
636, 43.9434, 15.8251, 42.4313, 51, 5, 861991462336724992
637, 44.0876, 16.2212, 43.2052, 51, 5, 861991462336724992
638, 44.2734, 16.5828, 42.2681, 51.0486, 5, 861991462336724992
639, 45.3297, 16.1169, 42.4313, 50.6984, 5, 861991462336724992
640, 43.9434, 16.2212, 42.4313, 51, 5, 861991462336724992
641, 43.7409, 16.2212, 42.4313, 50.6745, 5, 861991462336724992
642, 44.2719, 16.2212, 42.4359, 50.8957, 5, 861991462336724992
643, 44.0488, 16.2212, 42.4313, 51, 5, 861991462336724992
644, 44.4588, 16.2212, 42.4313, 51, 5, 861991462336724992
645, 43.9434, 16.172, 42.7544, 51.1514, 5, 861991462336724992
646, 43.9434, 18.9663, 42.4097, 50.5762, 5, 861991462336724992
647, 43.5709, 16.3247, 43.8129, 50.4057, 5, 861991462336724992
648, 43.8727, 16.2212, 42.4313, 51, 5, 861991462336724992
649, 45.5562, 16.2212, 41.9737, 51, 5, 861991462336724992
650, 43.9434, 15.8967, 42.1105, 51, 5, 861991462336724992
651, 43.9434, 16.8699, 42.5741, 51, 5, 861991462336724992
652, 43.9434, 16.2212, 42.4313, 50.5134, 5, 861991462336724992
653, 43.9434, 16.2212, 42.4313, 51, 5, 861991462336724992
654, 43.8235, 16.2212, 42.5398, 51.3927, 5, 861991462336724992
655, 43.5127, 16.6695, 43.6242, 50.6845, 5, 861991462336724992
656, 44.4535, 16.9613, 42.4313, 51, 5, 861991462336724992
657, 44.2005, 16.5973, 42.4313, 51, 5, 861991462336724992
658, 43.9434, 15.876, 43.3164, 51, 5, 861991462336724992
659, 44.1079, 16.6597, 42.4313, 51.2663, 5, 861991462336724992
660, 43.7503, 16.2212, 43.1448, 51, 5, 861991462336724992
661, 43.9434, 16.2212, 42.0151, 51.392, 5, 861991462336724992
662, 45.1642, 16.2212, 42.4313, 51, 5, 861991462336724992
663, 43.9434, 15.8277, 43.1942, 51.2591, 5, 861991462336724992
664, 43.9434, 16.2212, 42.3452, 50.6712, 5, 861991462336724992
665, 43.9434, 16.2212, 42.4313, 51, 5, 861991462336724992
666, 43.9434, 16.2212, 42.4313, 51, 5, 861991462336724992
667, 44.3234, 16.2212, 42.3478, 51, 5, 861991462336724992
668, 43.9434, 16.2212, 42.9019, 51.957, 5, 861991462336724992
669, 43.55, 16.1143, 42.4313, 50.8835, 5, 861991462336724992
670, 43.9434, 16.2212, 42.7102, 51, 5, 861991462336724992
671, 43.9434, 16.2212, 42.4313, 51, 5, 861991462336724992
672, 43.9434, 16.2212, 42.4313, 51.5335, 5, 861991462336724992
673, 44.59, 15.8566, 42.5774, 51, 5, 861991462336724992
674, 43.9434, 16.2212, 42.4313, 51, 5, 861991462336724992
675, 45.4106, 16.2212, 42.5676, 52.3017, 5, 861991462336724992
676, 43.6498, 16.2212, 42.4313, 51, 5, 861991462336724992
677, 43.9434, 16.2212, 42.4313, 51, 5, 861991462336724992
678, 44.0489, 15.4945, 41.8666, 51, 5, 861991462336724992
679, 43.9434, 16.2212, 42.4313, 51.1655, 5, 861991462336724992
680, 43.9434, 16.2212, 42.1013, 50.6447, 5, 861991462336724992
681, 43.6156, 16.2212, 42.4313, 51.9729, 5, 861991462336724992
682, 43.9434, 16.2255, 42.4313, 51, 5, 861991462336724992
683, 43.9434, 16.2212, 42.4313, 50.9603, 5, 861991462336724992
684, 43.9434, 16.2212, 42.4313, 51, 5, 861991462336724992
685, 43.9434, 16.2212, 42.4313, 50.6845, 5, 861991462336724992
686, 43.4349, 16.2212, 42.4313, 51.7064, 5, 861991462336724992
687, 43.9434, 16.2212, 41.7552, 51, 5, 861991462336724992
688, 43.9434, 16.2212, 42.4313, 51.6487, 5, 861991462336724992
689, 44.0847, 16.8699, 42.4313, 50.8354, 5, 861991462336724992
690, 44.6945, 16.2212, 42.4313, 51, 5, 861991462336724992
691, 43.9434, 16.0879, 42.0054, 50.6161, 5, 861991462336724992
692, 43.9434, 16.2212, 42.4313, 51.1661, 5, 861991462336724992
693, 43.9434, 16.2212, 42.4313, 51.2591, 5, 861991462336724992
694, 43.9434, 15.8784, 42.4313, 51, 5, 861991462336724992
695, 43.9434, 15.7427, 42.4313, 51.1474, 5, 861991462336724992
696, 43.7039, 16.2212, 42.4313, 51.3643, 5, 861991462336724992
697, 43.7045, 16.3873, 42.4313, 51, 5, 861991462336724992
698, 43.9434, 15.7777, 42.4313, 50.5692, 5, 861991462336724992
699, 43.9434, 16.2212, 43.6763, 51.1227, 5, 861991462336724992
700, 43.9434, 16.2212, 43.1351, 51.3628, 5, 861991462336724992
701, 44.3317, 16.5159, 42.4313, 51.2215, 5, 861991462336724992
702, 43.9434, 16.2212, 42.1335, 51, 5, 861991462336724992
703, 44.6613, 16.0139, 42.4085, 51, 5, 861991462336724992
704, 43.9434, 16.2212, 43.2198, 50.9052, 5, 861991462336724992
705, 43.873, 16.1221, 41.9819, 51, 5, 861991462336724992
706, 44.0379, 16.2212, 42.4313, 50.9052, 5, 861991462336724992
707, 45.2967, 17.6028, 42.4313, 51, 5, 861991462336724992
708, 43.9434, 15.5584, 42.4313, 51, 5, 861991462336724992
709, 44.9414, 16.2212, 42.4313, 51.5335, 5, 861991462336724992
710, 44.1687, 15.8277, 42.4313, 51.3607, 5, 861991462336724992
711, 43.7276, 16.2916, 42.4313, 51, 5, 861991462336724992
712, 43.9434, 16.2212, 41.9026, 50.6384, 5, 861991462336724992
713, 43.9434, 16.2212, 42.4313, 51, 5, 861991462336724992
714, 43.9434, 16.2212, 42.9555, 50.881, 5, 861991462336724992
715, 43.9434, 16.1467, 42.3182, 51.0877, 5, 861991462336724992
716, 44.1063, 16.3292, 42.4313, 50.8549, 5, 861991462336724992
717, 43.9434, 15.9885, 42.4313, 51, 5, 861991462336724992
718, 43.8755, 16.2212, 42.6501, 50.4524, 5, 861991462336724992
719, 44.2554, 16.2212, 42.1681, 50.9072, 5, 861991462336724992
720, 43.9434, 16.2212, 42.443, 51, 5, 861991462336724992
721, 44.2402, 16.2212, 42.6492, 50.5997, 5, 861991462336724992
722, 43.9434, 15.6122, 42.9249, 51.2591, 5, 861991462336724992
723, 43.9434, 15.9281, 42.875, 50.7223, 5, 861991462336724992
724, 43.9434, 16.2212, 42.4313, 51.7749, 5, 861991462336724992
725, 43.7067, 16.0473, 42.298, 50.5871, 5, 861991462336724992
726, 44.7942, 16.2212, 42.4313, 51, 5, 861991462336724992
727, 45.5147, 16.7671, 43.2335, 51, 5, 861991462336724992
728, 43.9434, 16.4868, 42.3655, 51, 5, 861991462336724992
729, 44.651, 15.7218, 42.4313, 51.4362, 5, 861991462336724992
730, 44.2402, 16.2212, 42.4313, 51, 5, 861991462336724992
731, 43.9434, 15.6122, 42.4313, 51, 5, 861991462336724992
732, 43.9107, 16.2912, 42.8329, 51, 5, 861991462336724992
733, 43.9434, 16.2212, 42.4313, 51, 5, 861991462336724992
734, 43.9434, 17.6331, 42.4313, 51, 5, 861991462336724992
735, 43.4379, 16.2212, 42.5558, 50.8742, 5, 861991462336724992
736, 44.6705, 16.2212, 42.4548, 51, 5, 861991462336724992
737, 43.7395, 16.9784, 42.4313, 50.8501, 5, 861991462336724992
738, 43.356, 16.2212, 42.4313, 51, 5, 861991462336724992
739, 43.9434, 16.2212, 43.5932, 50.6733, 5, 861991462336724992
740, 43.9434, 16.2212, 42.9772, 51.6657, 5, 861991462336724992
741, 43.9434, 16.4454, 42.4313, 51, 5, 861991462336724992
742, 43.9434, 16.2212, 42.0063, 51, 5, 861991462336724992
743, 43.7209, 16.2212, 42.4313, 51, 5, 861991462336724992
744, 43.9434, 16.2212, 42.0054, 51, 5, 861991462336724992
745, 43.9434, 16.2212, 42.875, 50.5152, 5, 861991462336724992
746, 43.9434, 16.2212, 42.4313, 51, 5, 861991462336724992
747, 43.9434, 15.9826, 42.5712, 51, 5, 861991462336724992
748, 43.9434, 16.2452, 42.4313, 50.8244, 5, 861991462336724992
749, 43.9434, 16.2212, 42.0014, 51, 5, 861991462336724992
750, 43.9434, 16.2212, 42.4313, 51.7673, 5, 861991462336724992
751, 43.9434, 16.5159, 42.0203, 51, 5, 861991462336724992
752, 43.9508, 15.7173, 43.285, 51.7537, 5, 861991462336724992
753, 43.9434, 16.2212, 45.2502, 51.7212, 5, 861991462336724992
754, 43.9434, 16.9751, 42.4313, 50.495, 5, 861991462336724992
755, 43.9434, 16.2212, 42.7784, 51.0567, 5, 861991462336724992
756, 44.2364, 15.8794, 42.4313, 51, 5, 861991462336724992
757, 44.4728, 16.2212, 42.4313, 51.8002, 5, 861991462336724992
758, 43.9434, 16.2212, 42.8259, 51, 5, 861991462336724992
759, 43.55, 16.2212, 42.0049, 51, 5, 861991462336724992
760, 44.4881, 16.2212, 42.4313, 50.7766, 5, 861991462336724992
761, 43.5851, 15.6999, 42.4313, 51.1716, 5, 861991462336724992
762, 43.9434, 16.2212, 42.4313, 51, 5, 861991462336724992
763, 43.4708, 16.6051, 42.3182, 51.5677, 5, 861991462336724992
764, 43.9434, 16.2212, 42.3615, 51, 5, 861991462336724992
765, 43.9289, 16.2212, 43.0113, 50.6852, 5, 861991462336724992
766, 43.6921, 16.2212, 42.4313, 50.8364, 5, 861991462336724992
767, 43.9434, 16.0507, 42.4313, 50.4707, 5, 861991462336724992
768, 43.9434, 16.2212, 42.4313, 51, 5, 861991462336724992
769, 43.9434, 15.6329, 42.1646, 51, 5, 861991462336724992
770, 44.0201, 16.3192, 42.4313, 52.3481, 5, 861991462336724992
771, 43.7429, 17.2023, 42.4313, 51, 5, 861991462336724992
772, 43.9434, 16.3903, 42.4313, 50.5871, 5, 861991462336724992
773, 43.9434, 16.9638, 42.5496, 51.1548, 5, 861991462336724992
774, 43.9434, 16.2212, 41.994, 51, 5, 861991462336724992
775, 43.9434, 15.8306, 41.8869, 50.8346, 5, 861991462336724992
776, 43.9434, 16.2212, 41.7992, 51, 5, 861991462336724992
777, 44.0488, 16.2212, 42.4313, 51.1929, 5, 861991462336724992
778, 43.9434, 15.9364, 42.0378, 51, 5, 861991462336724992
779, 43.9434, 16.2212, 42.4313, 50.8567, 5, 861991462336724992
780, 43.9434, 16.2212, 42.4313, 51, 5, 861991462336724992
781, 46.1491, 16.2212, 42.4313, 51.7215, 5, 861991462336724992
782, 43.9434, 15.8641, 42.3022, 52.195, 5, 861991462336724992
783, 43.9434, 16.2212, 43.6763, 51.0326, 5, 861991462336724992
784, 43.9434, 16.2212, 42.4999, 51.558, 5, 861991462336724992
785, 43.9434, 16.2212, 42.4548, 51, 5, 861991462336724992
786, 43.9628, 16.2212, 42.4313, 51, 5, 861991462336724992
787, 43.8431, 16.2212, 43.0005, 51, 5, 861991462336724992
788, 44.5922, 16.2212, 42.4313, 51.5335, 5, 861991462336724992
789, 43.5269, 15.8277, 42.1704, 50.4057, 5, 861991462336724992
790, 45.2539, 16.2212, 42.4313, 51, 5, 861991462336724992
791, 43.9434, 15.876, 42.4313, 51, 5, 861991462336724992
792, 44.0825, 15.8277, 43.08, 51, 5, 861991462336724992
793, 46.973, 16.0092, 42.4619, 51.7678, 5, 861991462336724992
794, 44.8018, 15.6505, 42.9019, 51, 5, 861991462336724992
795, 44.2078, 16.2212, 42.4313, 51, 5, 861991462336724992
796, 44.0071, 16.2212, 42.4313, 51.3579, 5, 861991462336724992
797, 43.9434, 16.1347, 44.0759, 51, 5, 861991462336724992
798, 44.5898, 16.2212, 42.4313, 51, 5, 861991462336724992
799, 43.9434, 16.0945, 42.4313, 51.7749, 5, 861991462336724992
800, 43.9434, 16.5159, 41.9486, 51.0424, 5, 861991462336724992
801, 44.5898, 15.9242, 42.2681, 51, 5, 861991462336724992
802, 43.9434, 15.9563, 42.248, 51, 5, 861991462336724992
803, 44.2674, 15.7385, 42.4313, 51, 5, 861991462336724992
804, 43.9434, 16.2212, 42.5398, 51, 5, 861991462336724992
805, 43.9434, 16.1471, 42.2216, 50.6065, 5, 861991462336724992
806, 43.9434, 16.2212, 42.4313, 51, 5, 861991462336724992
807, 43.9434, 16.2212, 43.1351, 51, 5, 861991462336724992
808, 43.6224, 16.0019, 42.4313, 51.2591, 5, 861991462336724992
809, 43.8063, 15.7317, 42.4313, 50.6065, 5, 861991462336724992
810, 43.9434, 16.9784, 43.3344, 51, 5, 861991462336724992
811, 43.9434, 16.0727, 42.4313, 51.7178, 5, 861991462336724992
812, 43.544, 16.2212, 42.4313, 52.0523, 5, 861991462336724992
813, 44.2694, 15.9925, 42.4313, 51, 5, 861991462336724992
814, 43.9434, 16.0712, 42.4313, 51.5273, 5, 861991462336724992
815, 43.9434, 16.2212, 43.6633, 51, 5, 861991462336724992
816, 44.5922, 16.2212, 43.2447, 51, 5, 861991462336724992
817, 44.2554, 16.2212, 42.4313, 51, 5, 861991462336724992
818, 44.5922, 15.9169, 42.4313, 51, 5, 861991462336724992
819, 43.9434, 16.2212, 42.4313, 51, 5, 861991462336724992
820, 43.9018, 16.2212, 42.4313, 51, 5, 861991462336724992
821, 43.9434, 16.2212, 42.6492, 50.6574, 5, 861991462336724992
822, 43.9434, 17.2606, 42.2681, 51.8002, 5, 861991462336724992
823, 43.7055, 16.2212, 42.4313, 51.7215, 5, 861991462336724992
824, 43.9434, 16.2212, 42.4313, 51, 5, 861991462336724992
825, 44.5898, 16.7476, 43.3647, 51, 5, 861991462336724992
826, 43.9434, 16.2212, 42.4313, 51, 5, 861991462336724992
827, 43.9434, 16.2212, 42.4313, 51.0098, 5, 861991462336724992
828, 43.9434, 16.5916, 42.4313, 51, 5, 861991462336724992
829, 44.0677, 16.2212, 42.4313, 51, 5, 861991462336724992
830, 43.9434, 16.4449, 42.4313, 50.7981, 5, 861991462336724992
831, 43.4014, 17.1714, 42.334, 51.2591, 5, 861991462336724992
832, 45.2868, 15.8053, 42.4313, 50.975, 5, 861991462336724992
833, 45.8084, 15.9983, 42.7096, 51, 5, 861991462336724992
834, 44.0733, 15.7994, 42.4313, 51, 5, 861991462336724992
835, 44.297, 16.2212, 42.3478, 51, 5, 861991462336724992
836, 44.7236, 16.2212, 42.4313, 51, 5, 861991462336724992
837, 43.9434, 16.2212, 42.1105, 51, 5, 861991462336724992
838, 43.9434, 16.2212, 42.4313, 50.8225, 5, 861991462336724992
839, 43.9434, 16.2212, 42.4313, 50.7813, 5, 861991462336724992
840, 45.2013, 15.4778, 42.4313, 51, 5, 861991462336724992
841, 43.9434, 16.1544, 42.7349, 51.1166, 5, 861991462336724992
842, 44.5898, 16.2212, 42.4313, 51.6452, 5, 861991462336724992
843, 43.9434, 16.7624, 43.0899, 51.3768, 5, 861991462336724992
844, 43.4499, 16.9933, 42.4313, 51, 5, 861991462336724992
845, 44.2041, 16.2212, 42.4313, 51, 5, 861991462336724992
846, 44.2554, 16.2212, 42.279, 51.8201, 5, 861991462336724992
847, 43.9434, 16.2212, 42.4313, 51, 5, 861991462336724992
848, 43.4425, 16.2212, 42.4313, 50.804, 5, 861991462336724992
849, 43.9434, 16.2212, 42.4313, 51, 5, 861991462336724992
850, 44.1063, 16.2212, 41.7343, 51, 5, 861991462336724992
851, 44.2005, 16.5973, 42.4313, 51, 5, 861991462336724992
852, 43.55, 16.0962, 42.6145, 50.8427, 5, 861991462336724992
853, 43.9434, 15.7772, 41.9953, 51, 5, 861991462336724992
854, 43.9434, 16.2212, 42.4313, 50.5871, 5, 861991462336724992
855, 43.4379, 17.7623, 42.4313, 51.6636, 5, 861991462336724992
856, 44.3077, 16.2212, 42.4313, 51, 5, 861991462336724992
857, 43.4444, 16.2212, 42.4313, 50.7916, 5, 861991462336724992
858, 43.9434, 16.2928, 42.2126, 50.6768, 5, 861991462336724992
859, 44.6603, 15.7837, 42.4313, 51, 5, 861991462336724992
860, 43.9434, 15.5584, 41.7953, 51, 5, 861991462336724992
861, 43.9434, 16.2212, 42.4313, 51.2591, 5, 861991462336724992
862, 43.9434, 16.2212, 41.8505, 51, 5, 861991462336724992
863, 43.9434, 16.2831, 42.3192, 51, 5, 861991462336724992
864, 43.9434, 16.2212, 42.4313, 50.8911, 5, 861991462336724992
865, 43.9434, 15.9867, 43.6402, 51, 5, 861991462336724992
866, 43.7395, 16.9638, 41.8129, 51, 5, 861991462336724992
867, 43.9628, 16.2212, 42.2153, 51.7483, 5, 861991462336724992
868, 43.9434, 16.7567, 42.4313, 51.8002, 5, 861991462336724992
869, 43.8727, 16.2212, 42.4313, 51, 5, 861991462336724992
870, 44.1031, 16.2212, 42.4313, 50.6065, 5, 861991462336724992
871, 43.9434, 16.2212, 42.4313, 51, 5, 861991462336724992
872, 43.3567, 17.2597, 42.4313, 51, 5, 861991462336724992
873, 43.3218, 16.3132, 42.6501, 50.8402, 5, 861991462336724992
874, 43.9434, 15.7585, 41.9637, 51, 5, 861991462336724992
875, 44.6035, 15.6409, 42.4313, 51, 5, 861991462336724992
876, 43.9434, 15.4913, 42.2247, 50.4959, 5, 861991462336724992
877, 43.9434, 16.2212, 42.4313, 51.1002, 5, 861991462336724992
878, 43.9434, 16.5602, 42.2681, 51.3101, 5, 861991462336724992
879, 43.9434, 16.2212, 42.4313, 51.4838, 5, 861991462336724992
880, 43.9434, 16.7671, 42.4313, 50.2732, 5, 861991462336724992
881, 45.1107, 15.8277, 42.4313, 51.3096, 5, 861991462336724992
882, 44.5898, 16.2212, 43.7388, 51.038, 5, 861991462336724992
883, 44.0689, 17.0972, 42.1932, 51.3283, 5, 861991462336724992
884, 43.9434, 16.1773, 42.4313, 51, 5, 861991462336724992
885, 43.9434, 16.5535, 42.9772, 51.7948, 5, 861991462336724992
886, 43.9434, 15.9721, 42.4313, 51, 5, 861991462336724992
887, 43.9434, 17.1444, 42.5398, 51, 5, 861991462336724992
888, 44.0825, 16.157, 42.5398, 51.7749, 5, 861991462336724992
889, 43.9434, 16.2212, 42.4313, 51.1601, 5, 861991462336724992
890, 43.9434, 16.2212, 42.9488, 51, 5, 861991462336724992
891, 43.9434, 16.2212, 42.485, 51, 5, 861991462336724992
892, 45.022, 16.2212, 42.2725, 51, 5, 861991462336724992
893, 43.9434, 16.2804, 42.0378, 50.495, 5, 861991462336724992
894, 43.9244, 16.2212, 42.1924, 52.8292, 5, 861991462336724992
895, 43.9434, 16.2212, 42.4313, 51.1517, 5, 861991462336724992
896, 43.9434, 16.2212, 42.4313, 50.8303, 5, 861991462336724992
897, 43.9463, 16.2892, 42.4313, 51, 5, 861991462336724992
898, 43.9434, 16.084, 42.4313, 51, 5, 861991462336724992
899, 43.9434, 16.2212, 42.4822, 50.7596, 5, 861991462336724992
900, 43.9434, 15.9701, 42.4313, 51.4264, 5, 861991462336724992
901, 43.9434, 15.9672, 42.0291, 51.3628, 5, 861991462336724992
902, 43.9434, 16.622, 44.3798, 51.1875, 5, 861991462336724992
903, 43.9434, 16.2212, 42.4313, 51.5876, 5, 861991462336724992
904, 43.9434, 16.0529, 42.3192, 51, 5, 861991462336724992
905, 44.5922, 16.1471, 42.4313, 51, 5, 861991462336724992
906, 43.9434, 15.9749, 42.4313, 51, 5, 861991462336724992
907, 43.9434, 16.6927, 42.5981, 52.4168, 5, 861991462336724992
908, 43.9434, 16.2212, 43.1351, 51, 5, 861991462336724992
909, 43.9434, 16.2212, 43.1144, 50.4629, 5, 861991462336724992
910, 43.9434, 16.3714, 42.4313, 50.9837, 5, 861991462336724992
911, 44.6603, 15.8277, 42.4313, 51, 5, 861991462336724992
912, 44.0071, 15.9428, 42.4313, 50.5508, 5, 861991462336724992
913, 43.9434, 15.9826, 42.0014, 51, 5, 861991462336724992
914, 43.9434, 16.2212, 42.4313, 51.2493, 5, 861991462336724992
915, 43.9434, 16.2212, 42.4313, 51.9729, 5, 861991462336724992
916, 43.9434, 17.1961, 42.4313, 51, 5, 861991462336724992
917, 45.0226, 15.7994, 42.6339, 51, 5, 861991462336724992
918, 43.9923, 16.3456, 42.382, 51, 5, 861991462336724992
919, 43.9434, 17.1911, 43.0183, 50.3458, 5, 861991462336724992
920, 43.9524, 15.9066, 42.4313, 50.4842, 5, 861991462336724992
921, 43.9434, 16.157, 42.4313, 51, 5, 861991462336724992
922, 44.692, 16.2212, 42.2297, 51, 5, 861991462336724992
923, 45.0226, 16.2212, 42.5398, 51, 5, 861991462336724992
924, 43.9434, 16.2212, 42.4313, 51, 5, 861991462336724992
925, 43.9434, 16.2212, 42.0032, 51, 5, 861991462336724992
926, 43.9434, 15.683, 42.4313, 51, 5, 861991462336724992
927, 43.8743, 15.6037, 41.9599, 50.975, 5, 861991462336724992
928, 43.9434, 16.2212, 42.4313, 51, 5, 861991462336724992
929, 43.9434, 16.2212, 42.5884, 50.616, 5, 861991462336724992
930, 43.9434, 16.1109, 42.4985, 51, 5, 861991462336724992
931, 43.9434, 16.2212, 43.7113, 51, 5, 861991462336724992
932, 43.9434, 16.9784, 42.4313, 50.8911, 5, 861991462336724992
933, 43.9434, 16.2212, 42.4313, 51, 5, 861991462336724992
934, 43.6463, 15.6295, 42.4313, 51, 5, 861991462336724992
935, 43.9434, 16.2212, 42.4313, 51, 5, 861991462336724992
936, 43.9434, 15.8109, 42.4313, 51.3643, 5, 861991462336724992
937, 45.6578, 16.2212, 42.4313, 51, 5, 861991462336724992
938, 43.9434, 15.9328, 42.4313, 51, 5, 861991462336724992
939, 43.6215, 16.2212, 42.4313, 51, 5, 861991462336724992
940, 43.9434, 16.2212, 42.084, 50.8346, 5, 861991462336724992
941, 43.9434, 15.8819, 41.9867, 51, 5, 861991462336724992
942, 43.9434, 16.628, 42.4313, 51.1745, 5, 861991462336724992
943, 43.9434, 17.8732, 42.4313, 51, 5, 861991462336724992
944, 43.9434, 16.2212, 42.4379, 51, 5, 861991462336724992
945, 44.2364, 16.0041, 42.4313, 51, 5, 861991462336724992
946, 43.9434, 16.2212, 42.4313, 51, 5, 861991462336724992
947, 43.9434, 16.5159, 42.3096, 50.4782, 5, 861991462336724992
948, 43.9434, 16.0879, 42.4313, 51.1429, 5, 861991462336724992
949, 43.9434, 16.2212, 42.4313, 51, 5, 861991462336724992
950, 43.9434, 15.9281, 42.7828, 50.7223, 5, 861991462336724992
951, 43.55, 15.9532, 42.4313, 51, 5, 861991462336724992
952, 43.9434, 16.2212, 42.4313, 51, 5, 861991462336724992
953, 43.9434, 16.2212, 43.1002, 50.8545, 5, 861991462336724992
954, 43.9434, 16.2212, 42.4313, 50.8175, 5, 861991462336724992
955, 43.9434, 16.0092, 42.4313, 51, 5, 861991462336724992
956, 43.7045, 15.9642, 43.1002, 50.6696, 5, 861991462336724992
957, 43.9434, 16.2212, 42.4313, 50.4838, 5, 861991462336724992
958, 43.7804, 16.385, 42.4313, 51, 5, 861991462336724992
959, 43.7416, 16.2212, 42.4313, 51, 5, 861991462336724992
960, 43.9434, 16.2212, 42.4313, 51.5338, 5, 861991462336724992
961, 43.9434, 16.2212, 42.4313, 50.8346, 5, 861991462336724992
962, 43.55, 16.2212, 42.529, 51, 5, 861991462336724992
963, 43.7939, 16.2212, 42.4313, 50.6273, 5, 861991462336724992
964, 43.9434, 16.2212, 43.5056, 51, 5, 861991462336724992
965, 43.9434, 16.0309, 42.4313, 51, 5, 861991462336724992
966, 43.9434, 16.2212, 42.0895, 51, 5, 861991462336724992
967, 44.0004, 16.0923, 42.5869, 51, 5, 861991462336724992
968, 43.9496, 15.9826, 42.4822, 52.5185, 5, 861991462336724992
969, 43.9434, 16.2212, 41.9894, 51.6487, 5, 861991462336724992
970, 43.9434, 16.2212, 42.4313, 50.4706, 5, 861991462336724992
971, 43.9434, 16.385, 41.986, 51, 5, 861991462336724992
972, 43.9434, 16.6449, 42.3096, 50.5984, 5, 861991462336724992
973, 43.9434, 16.2212, 41.9046, 51, 5, 861991462336724992
974, 45.2331, 16.2212, 42.1905, 51.0384, 5, 861991462336724992
975, 43.9434, 16.2212, 42.4313, 50.6622, 5, 861991462336724992
976, 44.5887, 16.5846, 42.4313, 52.6247, 5, 861991462336724992
977, 44.4879, 16.2212, 43.3328, 51, 5, 861991462336724992
978, 43.9434, 16.9703, 42.4313, 50.6065, 5, 861991462336724992
979, 44.557, 15.9537, 42.4097, 54.3574, 5, 861991462336724992
980, 43.9434, 16.2212, 42.4313, 51, 5, 861991462336724992
981, 43.9434, 16.2212, 42.4313, 51.1034, 5, 861991462336724992
982, 43.9434, 15.6796, 42.4313, 50.8472, 5, 861991462336724992
983, 43.9434, 16.2212, 42.9555, 50.9456, 5, 861991462336724992
984, 43.9345, 16.2212, 42.5676, 51, 5, 861991462336724992
985, 43.9434, 16.2212, 42.4313, 51, 5, 861991462336724992
986, 43.9434, 16.2212, 42.7385, 51, 5, 861991462336724992
987, 43.9434, 16.2212, 43.2343, 51, 5, 861991462336724992
988, 45.1442, 15.9242, 42.4313, 51.3337, 5, 861991462336724992
989, 43.9434, 16.2212, 42.4313, 51, 5, 861991462336724992
990, 43.9434, 16.5251, 42.4313, 50.8998, 5, 861991462336724992
991, 43.9434, 15.7075, 43.2202, 51.558, 5, 861991462336724992
992, 44.5922, 15.9302, 42.9019, 51, 5, 861991462336724992
993, 43.9434, 16.2212, 42.4313, 51.0575, 5, 861991462336724992
994, 43.9434, 16.4386, 42.4313, 51.6487, 5, 861991462336724992
995, 43.9434, 15.5691, 42.4313, 50.5059, 5, 861991462336724992
996, 43.9434, 16.2212, 42.8115, 50.62, 5, 861991462336724992
997, 43.9434, 16.8967, 42.4313, 51, 5, 861991462336724992
998, 43.9434, 16.2212, 42.314, 51, 5, 861991462336724992
999, 43.9434, 15.9826, 42.0014, 50.8472, 5, 861991462336724992
