"","runif((100 * 20), 1, 2^62 - 1)"
"1",666614729334063104
"2",2592305857072988160
"3",2784424789735899136
"4",630700770076917760
"5",4211007840778715136
"6",3918717426673385472
"7",327459498258071552
"8",512284904289992704
"9",3027596834710224896
"10",3612717696002555904
"11",706456718577500160
"12",1039928128446660608
"13",3521169659560722432
"14",2643021867065016320
"15",462619280089808896
"16",2533378372122181632
"17",2569678859108614144
"18",3351766887309508608
"19",4292992778201202688
"20",4597048576609091584
"21",4218618893268156416
"22",3986319031870160896
"23",1653166993869635584
"24",4430111860762607616
"25",787232373598060544
"26",571470484563034112
"27",3806966359066148864
"28",2251729446014812160
"29",2357688541917478912
"30",1345696978855526400
"31",4041541042376278016
"32",2259303673454657536
"33",3730536377725485056
"34",817425210931150848
"35",4297404405398896640
"36",3020258262462234624
"37",178267667428278272
"38",2218752882537136128
"39",116944826603143168
"40",780434375597621248
"41",3764305535541706752
"42",3606010760972468224
"43",2170371848695447552
"44",3568355820615761920
"45",579870625623965696
"46",4444776899893264384
"47",833017263991816192
"48",1545421747770097664
"49",2012057322645356544
"50",3144769933456441344
"51",1618173791848890368
"52",769381995594645504
"53",3406622708903968768
"54",823583025802510336
"55",3427387720433926144
"56",1919468153918717952
"57",1959716563032473600
"58",3836053015760994304
"59",594745544773992448
"60",4045798923703418880
"61",4001381050533019648
"62",20041113045827584
"63",3059635828302020608
"64",807518275083698176
"65",3864159291409694720
"66",1476914318938210304
"67",2788296229233098752
"68",3393058554716880896
"69",1174226099320651776
"70",1794335170807988224
"71",3812222370391785472
"72",2745846332626305024
"73",3809682920512159744
"74",3039442057086107648
"75",3541107507634110464
"76",541542304188465152
"77",4438271835842281472
"78",4582074908644737024
"79",3223532391276478464
"80",4495293517102317568
"81",4584675439401762816
"82",1043457596205301760
"83",4221186000589684736
"84",4482626432333250560
"85",3570683935555846144
"86",2462409205475180544
"87",3804548734860132352
"88",1111538555185790976
"89",4527918348528254976
"90",1813636119254794240
"91",1866415870696226816
"92",2715324903451525120
"93",3940544781184139264
"94",2274465339653750784
"95",2025130078886690816
"96",3468901620186611712
"97",3193606011566948352
"98",1011308486094487552
"99",3686675691736137728
"100",1651215867536474112
"101",40191515829469184
"102",1984707557167464448
"103",2370785807389687808
"104",357281594014171136
"105",3479306931154190336
"106",2477502637528842240
"107",2024224608512638976
"108",480636808556707840
"109",2402005051712208896
"110",952871064428347392
"111",2437291346596200448
"112",1335688517497389056
"113",1716516236772245504
"114",2586350994438750208
"115",2904929706140762112
"116",2961357160421785600
"117",63686794046078976
"118",3289814739286228992
"119",3637469951159173120
"120",275651824617259008
"121",2549460673151107072
"122",3002019975897546752
"123",2322507072152797184
"124",3409511594101571584
"125",4497143130809696256
"126",401389175124787200
"127",2402087079145111552
"128",3002472568813780992
"129",1674262948735877120
"130",492952430783234048
"131",4044096576908427264
"132",2606085244956180480
"133",1778089812419411968
"134",4506429251683090432
"135",234959904295616512
"136",786265163069128704
"137",3468651534978383872
"138",3075485967021244416
"139",3641156250722369536
"140",1354683996058943488
"141",99237375447662592
"142",1347980785839243264
"143",431863574407675904
"144",156276934509068288
"145",2831928445510877184
"146",1700227603366936576
"147",1794149650769379328
"148",1080503579992653824
"149",4335642317772816384
"150",2334116235609899008
"151",2837103465564471296
"152",3225178595332718592
"153",3049770370027487232
"154",1043319966125785088
"155",589934625204207616
"156",523845408988856320
"157",2271183806398464000
"158",133427833048399872
"159",2791286530419720192
"160",1387552631303438336
"161",4228207242400235520
"162",863778146183282688
"163",3366150719898910720
"164",681218497535016960
"165",756568381573824512
"166",1312996233882632192
"167",266552017277681664
"168",1.371388284588e+18
"169",250985889713356800
"170",3072317757551804416
"171",996344296049213440
"172",816035753577414656
"173",531996970227597312
"174",2297299200422969344
"175",1480957713893556224
"176",2307950270492966912
"177",4469827820633194496
"178",3060560308201324544
"179",3339645420153339904
"180",2859922019070246912
"181",1250660137257926656
"182",283369831456047104
"183",2265380938361864192
"184",1857805271942823936
"185",1247736033328496640
"186",3693374728321368064
"187",2293426978167980032
"188",2733415580580184064
"189",2528782608939089920
"190",2785073644403949568
"191",881659766852550656
"192",2286754529577795584
"193",1697493887821545472
"194",1010880676213293056
"195",4337788044779192320
"196",4544309074379931648
"197",2785638800896819200
"198",1029654141472866304
"199",19151173273518080
"200",1822374469662932992
"201",4485144724130234368
"202",2261244692656029696
"203",1711218213150261248
"204",3259539322616938496
"205",2578446424958042112
"206",2931598052508565504
"207",4190674139528298496
"208",3645720763723415552
"209",4454934066977832960
"210",850491504865574912
"211",1595617777882759168
"212",1285932880446357504
"213",2623526997623570432
"214",2923374086711148544
"215",3894020620618301440
"216",1224357056383811584
"217",173926986647863296
"218",3832768511462080512
"219",2728314891378098176
"220",362049942941859840
"221",3725938718314332160
"222",3809257516886392832
"223",500592512956628992
"224",2531244215757701120
"225",3482689880398495744
"226",2307782858036477952
"227",2833939543546134528
"228",1732015920118759424
"229",2482153643655036928
"230",827026488988532736
"231",1716849473621065728
"232",3995804266353655808
"233",1489516431589507072
"234",4146833508888739840
"235",1791380002453848064
"236",531920075280613376
"237",2.898656111836e+18
"238",3406723722239803392
"239",1900124900044046336
"240",2928190758315884544
"241",3801431978025156608
"242",4362248431138242560
"243",666114135863328768
"244",1137924383973572608
"245",2259247099071692800
"246",1219049482902044672
"247",2678607280651370496
"248",3061266206477516800
"249",1304852778320920576
"250",1897509321869099008
"251",2420228347767291904
"252",3826998109083271168
"253",2804229072916316160
"254",3830595508192149504
"255",4422124892334325760
"256",3851944132763189248
"257",2082185398330589184
"258",3020621173240102912
"259",4609443650361884672
"260",310653551074344960
"261",403978222213005312
"262",1205756363699912704
"263",701997901500383232
"264",3489747314824708096
"265",2757049678582251520
"266",240967483358445568
"267",2622619902678138880
"268",246907621771051008
"269",1.424758775495e+18
"270",4344400426104258560
"271",4167778497802010624
"272",3859532191071469568
"273",1550199308328894464
"274",1122829183467126784
"275",1354693381636227072
"276",1266695482483146752
"277",2945503172338122752
"278",1980740541763026944
"279",487480214025142272
"280",3341993179200094208
"281",2013388599298359296
"282",221300556453380096
"283",3223409336168480768
"284",1681372134296780800
"285",604638642236817408
"286",1940613908930756608
"287",2252834251189780480
"288",1962428073596944384
"289",2790242525875535872
"290",1523107988213071872
"291",4018365100346834944
"292",951163199674122240
"293",3369868603577860096
"294",630416077095960576
"295",1652062223054405632
"296",3583501770455777280
"297",1570202985366028288
"298",1585552760395268096
"299",2929782644994473984
"300",1450058514427805696
"301",1287522880560562176
"302",558039995126906880
"303",588094765367558144
"304",1824224399050407936
"305",4587779116987580416
"306",1567859912128593920
"307",960798865387159552
"308",3444237178857586688
"309",2534075263851954176
"310",4384517879517675520
"311",1908717671461945344
"312",2316563815593934848
"313",198961785154306048
"314",637178993803526144
"315",2619366731239391232
"316",1784331186953256960
"317",2169673754374832128
"318",3142523310152089600
"319",4407309275945238528
"320",2129361954765012992
"321",468911947270586368
"322",4215720544110116864
"323",3052666934626615296
"324",4217587017711617
"325",2813922985902080000
"326",4386441585705877504
"327",705122032794206208
"328",112221097016950784
"329",3120130522123075584
"330",289767928272781312
"331",3277081115810070528
"332",2171431085341147136
"333",4371589174331965440
"334",159241641985572864
"335",1605110233280020480
"336",429699158924853248
"337",2797706288904011776
"338",49385771647369216
"339",1663905518063714304
"340",3902806346663198720
"341",4030392247873699840
"342",3294252592627974144
"343",2404453412851679232
"344",4420045720141168640
"345",874465081377685504
"346",2457431404951109632
"347",102855911164346368
"348",3491205196376178688
"349",4347371864868257792
"350",1665216829561241600
"351",556756994980052992
"352",2312566842792607744
"353",4046647718762774528
"354",1244116785720983552
"355",1256355735265083392
"356",3595034678916022272
"357",823702375427473408
"358",1277253676032851968
"359",3905326625956298752
"360",3146753671476281344
"361",1301201891836821504
"362",2860640403890110464
"363",1920574395760246784
"364",2181470934320283648
"365",1076078413984301056
"366",4504280170307256320
"367",4593650192326066176
"368",2585791147599200256
"369",4256221305101090816
"370",3522954897077043200
"371",361944796773744640
"372",1474078085744689152
"373",1084572970237558784
"374",3048723716562223104
"375",1206295440077619200
"376",3022053492219969536
"377",2421797922090778624
"378",999391377777229824
"379",145463464209416192
"380",1591326021074812928
"381",917007545267126272
"382",3686400246893510656
"383",367869117895540736
"384",4460829535583076352
"385",1996440502655778816
"386",799742983044857856
"387",4361020839290732544
"388",2962164529447829504
"389",4290176615389855744
"390",1221917527844585472
"391",468138782290345984
"392",3275616533035876352
"393",1458774187408621568
"394",3919248622859845632
"395",1852524305783455744
"396",1606115460711972864
"397",3437054824233828352
"398",3558141282431795200
"399",917122651464400896
"400",4285940739327655936
"401",3696564957014392832
"402",640653771596103680
"403",3994401146708951040
"404",424572109360988160
"405",3800770527291768832
"406",2940108355185672192
"407",4332238641016340480
"408",3437170322346868736
"409",1772715404951552000
"410",4602470432728154112
"411",4509634260432322560
"412",3530956560735928320
"413",2354318961832624128
"414",3003466328683053056
"415",1553908121036914688
"416",1816038153803268096
"417",1204988350532943872
"418",2644288479764152320
"419",399358075426832384
"420",2157985754645528576
"421",1679760238439301120
"422",3536975149947420672
"423",4176415296929660928
"424",1683196517218779136
"425",3809997037240320000
"426",3050439268234166272
"427",4214336711016054784
"428",3747576194468413440
"429",3559850024433090560
"430",3225332305769791488
"431",3923075909019500544
"432",865525214325243904
"433",931352637251518464
"434",1238737376763707392
"435",265433438142595072
"436",2316615675176550400
"437",3620638140756131840
"438",1162209823429754880
"439",3367692985746587648
"440",4481326206146314240
"441",3467019051195170816
"442",242612197061033984
"443",1550888741847957504
"444",695076878456717312
"445",1222825969262264320
"446",3097630755048652800
"447",2255812546869067776
"448",1157680105032515584
"449",63773003703386112
"450",4485593278703468544
"451",2532157415999143936
"452",339041107352485888
"453",114451922357846016
"454",1811561011174440960
"455",480597796295016448
"456",3706713809042276352
"457",80812368401006592
"458",568702000183640064
"459",2349506208311803904
"460",3613867242925588480
"461",1489290677371011072
"462",672991339503157248
"463",2147695714157723648
"464",3862007811294625792
"465",1569814044938862592
"466",1777080350149705728
"467",17822926719942656
"468",3821522391926833152
"469",1886898527854919680
"470",4061818654575034368
"471",3869715127959814144
"472",3240908321422573568
"473",676634517594701824
"474",4323268499813171200
"475",184666583510024192
"476",825256594169135104
"477",2364224245191409664
"478",3661111392481574912
"479",695052302653849600
"480",978468437078573056
"481",2608795627017994240
"482",991479401625419776
"483",1581668304999677952
"484",4092119973118345216
"485",15348781818052608
"486",2052899672049057792
"487",1294241552662528000
"488",2282481903627927552
"489",1719291337548759040
"490",107976626725191680
"491",243932153253986304
"492",4480107121555275776
"493",1342483192266883072
"494",3920837040278601728
"495",1939967253285961728
"496",1286650815368396800
"497",4236332335903014912
"498",1661967518224351232
"499",1400099505306599424
"500",1888171809564524544
"501",1516935745472823296
"502",1330749901033701376
"503",564710050346565632
"504",837895486772871168
"505",4498069031269433344
"506",969994386072928256
"507",397015255592468480
"508",2113282956565938176
"509",407691494170820608
"510",3715586332081258496
"511",1078103057272668160
"512",1116751726360133632
"513",2124476927682019328
"514",3168882752808288256
"515",3995458265935773696
"516",3085982716768813056
"517",2236869112573722624
"518",1360182462583406592
"519",4119913709365624832
"520",3526134708326891520
"521",1257577031764279296
"522",2915715582349279232
"523",3717070971278983168
"524",996250283510071296
"525",4250607448911511552
"526",1077892015464644608
"527",1556272921440157696
"528",1889598425901563904
"529",1731986792724299776
"530",4137250650872348672
"531",4240640567131766784
"532",2375673309447585792
"533",4032596545349091328
"534",1502611281142611968
"535",2788407125288681472
"536",1400739808694763520
"537",3992467258227032064
"538",849183504787832832
"539",3901640118087188480
"540",544981143842193408
"541",4391268137882877952
"542",3839354539941560320
"543",3386565670119407616
"544",1648603527766867968
"545",3192602702911635456
"546",66451335645495296
"547",101768836688117760
"548",3073451816822767616
"549",883839396183277568
"550",2955349712355459072
"551",1751499357431005184
"552",4237031011117957120
"553",4443122314208346112
"554",2454835548192243712
"555",2232965605776949248
"556",4231769907034849280
"557",1340743550123376640
"558",3748897812813709312
"559",3826447746605252608
"560",3173922660706942976
"561",710395895077666816
"562",1542932758387490816
"563",2725937932996182016
"564",1875311190347874304
"565",1345977448809889792
"566",969837260063113216
"567",2138490929227497472
"568",1327214601783214080
"569",1020409833179840512
"570",331838856292728832
"571",1507174720401833984
"572",4370892937584705536
"573",550329851299495936
"574",3462205447270825984
"575",2363096989148643328
"576",4441254572517752832
"577",3834088649117401088
"578",2401677323158945792
"579",2710108906188701696
"580",517087784754741248
"581",1077655273646063616
"582",3244431854610153472
"583",3976441462861594624
"584",1223164325712101376
"585",4330389374127570944
"586",2141187179773165568
"587",3962372813225984000
"588",2798689142777577472
"589",2268734472448901120
"590",2515392495416770560
"591",660299034686128128
"592",4168593895195672576
"593",1665795266092990464
"594",4264653555337527296
"595",2031201916028977152
"596",3638476148179992576
"597",86338153064955904
"598",3883949338921009152
"599",2034805636255973376
"600",1078512971098882048
"601",2662613072622911488
"602",30747291841200128
"603",1190763236312481792
"604",3240369002379214848
"605",152052664522244096
"606",4071254823352139776
"607",2808520758857302016
"608",2483494634450321408
"609",4282085434948845568
"610",852876845949911040
"611",1741064059001765888
"612",577195939035348992
"613",3421312905805561856
"614",3476594051568893952
"615",4248183514324795392
"616",3220851683143712768
"617",4351683400000602112
"618",830904734935154688
"619",1054327256488345600
"620",117786548925104128
"621",394528587639685120
"622",1386460290123563008
"623",1528417191634927616
"624",2378156565048852480
"625",4473590853008359424
"626",839550446119944192
"627",899850407197540352
"628",3591341974482845696
"629",2439272024451842048
"630",4380715538528075776
"631",1595731611695972352
"632",2757881478456016896
"633",816658711740153856
"634",2985168581517377536
"635",2541285965259866112
"636",4485188819485720576
"637",2789815005904633856
"638",1549986606516011008
"639",800938077022322688
"640",974010575631679488
"641",2957695157488582656
"642",639180263879868416
"643",3972296574607818752
"644",568793536674136064
"645",3309477867292721152
"646",1699378825487450112
"647",1950679155125256192
"648",4466270302443143168
"649",2198687365487132672
"650",1714906622616141824
"651",3798735898204438528
"652",3880911999252561920
"653",3382825870296088576
"654",1252179134046535680
"655",2174996587875401728
"656",596953469349265408
"657",2262679299779723264
"658",1028947094292922368
"659",2172203064910413824
"660",1227267885643071488
"661",942096995084926976
"662",1556094669559955456
"663",712919713423818752
"664",3015021975773904896
"665",436574229039677440
"666",681479604703068160
"667",1677263640522129408
"668",2699974901862760448
"669",4369970819917414400
"670",2450776151262494720
"671",1958403523884351488
"672",2152289704593063936
"673",2881129534638260224
"674",1063459998710890496
"675",3062665935245541376
"676",4059370978482847744
"677",1654162619902197760
"678",1074944338607210496
"679",3785726633390899200
"680",2957103335691255808
"681",1065228481559789568
"682",1831432500929363968
"683",2574470817471528960
"684",1176156267287150592
"685",540033434932740096
"686",3707892674485813248
"687",1703515917301841920
"688",3223009673355460608
"689",3387985136409640960
"690",4112173748801503232
"691",1082172194114502656
"692",3893605225340076032
"693",3022839050328342528
"694",4006018503889911808
"695",952483730318950400
"696",1814413100313477120
"697",38154707046236160
"698",3802275050040590336
"699",2498446971459600384
"700",617493907776733184
"701",3931625398978215936
"702",3521181261341130752
"703",2760735936269516800
"704",4334084151956209664
"705",52125558129033216
"706",2151347506879922176
"707",3285396094111973376
"708",1763979089284169728
"709",3211665848682938368
"710",1092300522641162240
"711",4510734566629048320
"712",4131277498119880704
"713",942311168997851136
"714",3605356525784137728
"715",4476726843780628480
"716",506669949662527488
"717",4445181399913201664
"718",2423489345710194688
"719",1292830586112573440
"720",264521670272745472
"721",2782852753322409984
"722",3213008318020714496
"723",4357081822778097664
"724",2589373197568704512
"725",3345218403286646784
"726",2607993540801724416
"727",4169920723336298496
"728",2497875156693680128
"729",1933482848027672576
"730",1527501142756425728
"731",2554297670688571392
"732",4048260417779138560
"733",2460352315572355072
"734",2755961535732908032
"735",2347226524496691200
"736",2679709711783165952
"737",729441548520914944
"738",358516217796886528
"739",2965825967592833024
"740",3311454118110822400
"741",3590879105857355776
"742",80705711478145024
"743",2761559008769736704
"744",703253450363764736
"745",2647057741532626944
"746",573328113753128960
"747",4435499630947467264
"748",2762696880897916928
"749",1846952563895697408
"750",272474079246680064
"751",660231663829123072
"752",2886125773456932864
"753",4077691282816761856
"754",3633457121338589184
"755",143515796398669824
"756",1947196096635731968
"757",996227434284056576
"758",4580257775627534336
"759",4461328983371284480
"760",803741116561096704
"761",1907428890289111040
"762",2600693821901635584
"763",4325049094469844992
"764",818576845208289280
"765",3988555632868327424
"766",1651949609011904512
"767",205461906771673088
"768",1966572793273253888
"769",391004593816862720
"770",113913681351278592
"771",3677884673217789952
"772",1518430401608024064
"773",2316896689518018560
"774",3493702535175208960
"775",2510225714184192000
"776",565738716488794112
"777",2432821849009160192
"778",1600799440103276544
"779",4295900506494074880
"780",214523186107121664
"781",1894929497149407232
"782",3897674753023934464
"783",1988611774781325312
"784",2140901506465923072
"785",2443709698478702592
"786",1102268848603660288
"787",639364699439235072
"788",3574777576259846144
"789",3475286831027716096
"790",126137864797814784
"791",2775527603920961536
"792",3866485410263728128
"793",2140556248003641344
"794",216901507067412480
"795",135263174579453952
"796",2747916760266047488
"797",4293330504364589056
"798",1211829049098240000
"799",474791456851099648
"800",4411749785724256256
"801",2363966691035054080
"802",2627681465801900032
"803",1.019559821571e+18
"804",194512036900634624
"805",2103495648442580992
"806",3234756586077421568
"807",4315889447498416128
"808",2750770322578866176
"809",1489829297408442368
"810",534389166079737856
"811",1394292215601168384
"812",1436319444476362752
"813",2734737336364433408
"814",3749640374004482048
"815",4099407381568421888
"816",3104432088091197440
"817",1102651563475730432
"818",3771390027188142080
"819",3984255927149658112
"820",2272463790404534272
"821",397313801990438912
"822",4555640935421050880
"823",2239509824897286144
"824",4562254811394736128
"825",51251157548400640
"826",4134194008547131392
"827",1881544379747794944
"828",1920152313217941504
"829",3455731986662948864
"830",205762253834682368
"831",3763747939265019904
"832",2361084804486660096
"833",2213781615732064256
"834",2415037153940602880
"835",1729224946216861696
"836",3831595208001191936
"837",2915651519690833920
"838",598024151009067008
"839",1767074101773467648
"840",1534869522077450240
"841",4120830331622260736
"842",3680245043362267136
"843",1649853270908207104
"844",2674424692248412160
"845",2629512717450346496
"846",3208333306248560640
"847",2358466547325861888
"848",1100833108682342400
"849",3973690312970207232
"850",518109325546225664
"851",951072347157168128
"852",3945613760642678784
"853",3683781376626130944
"854",1577861942846947328
"855",797760724641251328
"856",4379680874464018432
"857",3712307149246824448
"858",3.045851985464e+18
"859",4533195509346598912
"860",1357209265030299648
"861",753951446189211648
"862",4544055632654761984
"863",1385920865853505536
"864",1169149751845715968
"865",3264592478342217728
"866",3752968278947921920
"867",3786307681262764032
"868",1989347059223756800
"869",4246501950876549120
"870",1269220595761938432
"871",468385509907890176
"872",1647547123652100096
"873",3054440039934066688
"874",2003343515827830784
"875",2267812476114436096
"876",3379509013082275840
"877",2571322133997158400
"878",1182060791830937600
"879",285092103678066688
"880",4176158470770262016
"881",1814924807012089856
"882",2844658053192613888
"883",186139325648338944
"884",867674898070241280
"885",3704861678484062208
"886",4547454723459907584
"887",1997247860944404480
"888",2470148663528128512
"889",2016143045577146368
"890",4211798779407368192
"891",3671640686270087168
"892",2383020385730822144
"893",3500679218847547392
"894",1276379044597727232
"895",1847449331624312832
"896",2891707715892019200
"897",2276991619016163328
"898",93430215664992256
"899",145852259681435648
"900",1788816544780779520
"901",4431034329543475200
"902",2646936889742852096
"903",984204799694077952
"904",3422165611432640512
"905",3267014387851853824
"906",1104233652260175872
"907",2245558390833020928
"908",790163104662028288
"909",754440811541692416
"910",6460355588915201
"911",2948096383397134336
"912",955103836463169536
"913",3959606668530024448
"914",2258933333457108992
"915",4591265475085729792
"916",399310957488111616
"917",3042810311099809792
"918",3785452538241744896
"919",3600188541960716288
"920",2122683229080125440
"921",4119839485888299008
"922",1478705923743547392
"923",2971599137004322816
"924",69247345396547584
"925",4560840479737905152
"926",3389978925726695424
"927",151980604634693632
"928",4220987670811115520
"929",1161746516717600768
"930",4187954729445228544
"931",2876406397757554688
"932",227617784404639744
"933",707194149429837824
"934",3084329684788314112
"935",4483373030793281536
"936",1490752259036807168
"937",3448510090422779904
"938",432151179376459776
"939",4856565408464897
"940",631778994773032960
"941",3270615487075057664
"942",3036065963683348480
"943",3908346886687293440
"944",3127868265410330624
"945",215664671376539648
"946",2483399130483785728
"947",2370250619031126016
"948",413917714986303488
"949",3429657014723149824
"950",1786097830482411520
"951",4266220762060292096
"952",1529519561563439104
"953",1022981753012224000
"954",3426261030253101056
"955",603983411689816064
"956",4320535474683772928
"957",299974840742313984
"958",403451156711342080
"959",801618587746828288
"960",1467007544152031232
"961",1548840881040130048
"962",3491420556773818368
"963",449601461848899584
"964",1999296951186620416
"965",1317569181125705728
"966",3075243141381488640
"967",2957985380239933440
"968",3057058018995732480
"969",1095963059224051712
"970",4323602454995271680
"971",1010883037371564032
"972",1091072221050306560
"973",131850655559057408
"974",1163382545996316672
"975",3969023499216879616
"976",1702139709922213888
"977",1414105435534786560
"978",3483652386864496640
"979",2095637406626611200
"980",3951586758776324096
"981",1670352760043732992
"982",2439697299228590080
"983",548289534601723904
"984",3337053091710107648
"985",2586520986023100416
"986",2061601994124034048
"987",4596757445472157696
"988",1074942352184836096
"989",4516855773346660352
"990",1903828715557617664
"991",2879586411944607744
"992",2086376783900311552
"993",149938683766636544
"994",855178252635865088
"995",4081848495479193600
"996",997415140917772288
"997",120798449502257152
"998",4236719763427950592
"999",420692507278442496
"1000",239811102068703232
"1001",293085286924025856
"1002",437787868685926400
"1003",856157800458354688
"1004",104210332322365440
"1005",2054894850788032512
"1006",4033184276190068736
"1007",1802477355059380224
"1008",2106790634609180672
"1009",2237904031114592256
"1010",214818153723592704
"1011",4471043186856296448
"1012",1241674368816250880
"1013",3650254875872198656
"1014",546439886534606848
"1015",2485299533253181440
"1016",3114402360747622400
"1017",295836518419791872
"1018",399628111831891968
"1019",4164579437582483456
"1020",881581433091522560
"1021",728518807009624064
"1022",3524326853512790016
"1023",1335566848590086144
"1024",574979948511494144
"1025",3990193883718877184
"1026",3769618697849667584
"1027",3718854200898093056
"1028",3469829885025845248
"1029",1360341818754990080
"1030",3510312150813900800
"1031",3822093637609586688
"1032",4381990115170320384
"1033",845956108521570304
"1034",1356360089866338304
"1035",3095662936325095424
"1036",3927132434763612160
"1037",2402561472241598464
"1038",1366657912834883584
"1039",1676375126678962176
"1040",1912076856652201984
"1041",3319930430416748544
"1042",1994333965078495232
"1043",1808456703302172672
"1044",317317013519204352
"1045",3505798687794135040
"1046",1641618262749872128
"1047",4426733866836819968
"1048",2748842510401929216
"1049",3328423442629263360
"1050",2379058110896537600
"1051",1945234209262010368
"1052",4018581228469878784
"1053",2465219272654192640
"1054",4091256298144792576
"1055",3867266166598664192
"1056",2479668587388731392
"1057",1549074286742863872
"1058",3598883591309754368
"1059",3899026747525431296
"1060",3191456562971410432
"1061",3878623730871566336
"1062",3844562901826273280
"1063",297154531140042752
"1064",3608995114703126528
"1065",3055776381427253248
"1066",3074655003592359936
"1067",4040802671999844352
"1068",4341395182726414336
"1069",639494601798844416
"1070",1375227007171821568
"1071",744890961422712832
"1072",3578647913024192512
"1073",451953942138454016
"1074",3301005895051247616
"1075",130960200390672384
"1076",2706490977136148480
"1077",1301776075277205504
"1078",4412500858466467840
"1079",4591194313920086016
"1080",846279570024824832
"1081",416663428522835968
"1082",60846421577826304
"1083",2811655566366081024
"1084",2135517027299753984
"1085",3856818178688548864
"1086",1570548811837734912
"1087",1274269367399350272
"1088",4057469591092199424
"1089",4080885634678390784
"1090",2982927504089546752
"1091",781457715980402688
"1092",3598988124371288064
"1093",4193148202825809920
"1094",3398349769741959168
"1095",190565387157372928
"1096",3775562852056694784
"1097",679766323995082752
"1098",4220530043119468544
"1099",3250368089971228672
"1100",40356869922881536
"1101",797254694815662080
"1102",1192811599631482880
"1103",4480586454937894912
"1104",257519807354634240
"1105",3150128062998249472
"1106",513831691664490496
"1107",922806436164009984
"1108",2890577260098617344
"1109",291383630545027072
"1110",2397526719377440768
"1111",3992783289436864512
"1112",1735725801199894528
"1113",4462191193760989184
"1114",1654638371282092032
"1115",417923003918057472
"1116",531373666319990784
"1117",554454235379400704
"1118",1589360598943006720
"1119",2787849000731017216
"1120",2662559331844620288
"1121",3070194433094844416
"1122",443610158564638720
"1123",3000630934081896448
"1124",1473043260619358208
"1125",2175146272854376448
"1126",3738912922236092416
"1127",1332388554537435136
"1128",338174707222183936
"1129",3311474949775949824
"1130",2101608170303520768
"1131",379323445634138112
"1132",1649234096611655680
"1133",2043478929720737792
"1134",2167370747813560320
"1135",3616806561776664576
"1136",3985119467905482752
"1137",2269457300412432384
"1138",737099468767232000
"1139",1431141149510205440
"1140",1589478931734462464
"1141",3723065985414987776
"1142",711358219007557632
"1143",1897107121804148736
"1144",2669217280625213440
"1145",3124339267950608384
"1146",2130178735138144256
"1147",3854112480288571392
"1148",4476244354670788608
"1149",651803079347273728
"1150",2124501269409169408
"1151",3157641558526787584
"1152",2700998245466767360
"1153",1072910515899990016
"1154",1730668009057419264
"1155",2805787369729425408
"1156",566071372443287552
"1157",860717957288820736
"1158",834434123236900864
"1159",3779963916856066048
"1160",1969563716156391424
"1161",936964194559852544
"1162",3044483230926372864
"1163",974418258222383104
"1164",127967196595879936
"1165",802120154027655168
"1166",66910100429733888
"1167",4523006617486098432
"1168",2042371842844393472
"1169",1437697569558888448
"1170",2969604285756604416
"1171",296075483957690368
"1172",3361029559808950272
"1173",1044761555792560128
"1174",571329655806623744
"1175",2371830698844618752
"1176",550119827398721536
"1177",647595069032890368
"1178",48076651656904704
"1179",197596606176952320
"1180",3674148736717553664
"1181",4467804999484702720
"1182",2035722577413931008
"1183",2942124512692404224
"1184",444331108553719808
"1185",4134357938858885120
"1186",4269887475498876928
"1187",31689322050617344
"1188",3752324291551559680
"1189",4565731472530472960
"1190",4293644089590546432
"1191",4520223973673271296
"1192",4032415340678873088
"1193",1220469858651602944
"1194",4200799361719861248
"1195",3267515144531345408
"1196",1134928379070382080
"1197",1024901973834465280
"1198",3483924020997390336
"1199",3510674342184747008
"1200",1398051958031384576
"1201",3289015573647720448
"1202",2319971908650532864
"1203",4187680136079867904
"1204",2768521309670342656
"1205",2453704159317196800
"1206",2283705546253008896
"1207",1057982623697076224
"1208",1649634777331924992
"1209",358024597586575360
"1210",3661637912522391552
"1211",715026989735477248
"1212",119706927587393536
"1213",2671976089517031424
"1214",347249169959747584
"1215",3421696019035848704
"1216",4403442520109875200
"1217",281491109681561600
"1218",1221370511146090496
"1219",974998332210413568
"1220",1902126603912085504
"1221",2720656586732208128
"1222",4158790026752163840
"1223",4376715804062777344
"1224",1005348802359459840
"1225",1011521410171928576
"1226",455414791352090624
"1227",2512195347531431936
"1228",1864587356015689728
"1229",2680885515988762624
"1230",2770515520967933952
"1231",279195277863157760
"1232",545035962657275904
"1233",3000888668626878464
"1234",424362641658478592
"1235",3063601644336840704
"1236",1181245338602700800
"1237",1324711914676158464
"1238",2004880619124817920
"1239",1445440373391360000
"1240",42776519205978112
"1241",1489534016259358720
"1242",476418149944655872
"1243",4238392273085136896
"1244",2459385720297488384
"1245",3199969975204839424
"1246",1536363560811102208
"1247",3667550180892213248
"1248",450510172775776256
"1249",3563216876139970560
"1250",1884735251612172288
"1251",463946706304630784
"1252",984525615497478144
"1253",3535507648742948864
"1254",3075183470327103488
"1255",1936493596479848448
"1256",511232134791299072
"1257",3012854270346133504
"1258",1477915969736146944
"1259",2330996333785120768
"1260",2803725999101968384
"1261",1505261454205386752
"1262",4364833394786304000
"1263",248343932923019264
"1264",1567632899484680192
"1265",4.413685405078e+18
"1266",2069120667235647488
"1267",2386058524263186432
"1268",604108297527623680
"1269",1923848193779433472
"1270",625378894354055168
"1271",1639364984393695232
"1272",2913472606545903616
"1273",692908372017545216
"1274",2667189826280751104
"1275",2778100859488174080
"1276",4234507987340754944
"1277",4271810844532146176
"1278",3567885004153290752
"1279",185122745544081408
"1280",184525762269806592
"1281",3718026490906935296
"1282",1570953829401231360
"1283",3999137868571213824
"1284",2800339152174841856
"1285",91150403000860672
"1286",4096831793833967616
"1287",2350472991491489792
"1288",2756075883868454912
"1289",3054056737725218816
"1290",920795584015630336
"1291",1235010982607060992
"1292",3054903160888885248
"1293",1976029008810213376
"1294",1711488377330597888
"1295",4450704413249503232
"1296",701434756125949952
"1297",2805130917264228352
"1298",3942443469187842048
"1299",2997256702547460096
"1300",426500430491549696
"1301",2216188171807358976
"1302",2408612357459673088
"1303",568434552570118144
"1304",268716615296614400
"1305",3733753295345287168
"1306",4558823106755428352
"1307",2016839890062278656
"1308",2019680832687439872
"1309",633037531859910656
"1310",1109687678758027264
"1311",951063071101550592
"1312",1920277951748767744
"1313",3382879874141126656
"1314",1358264716736069632
"1315",3665513067166302208
"1316",2014149349675630592
"1317",1376844199797719040
"1318",1302960194539487232
"1319",3671401992388870144
"1320",939780340191330304
"1321",1156126433899184128
"1322",3713922943860867072
"1323",1029230124047794176
"1324",2203578178964815872
"1325",4387334564167548928
"1326",1503246239443976192
"1327",3436188489601777664
"1328",3766455816287158272
"1329",666778874394181632
"1330",3624134531897884672
"1331",2219170152568586240
"1332",936494810468974592
"1333",1840830717227958272
"1334",1113695701436465152
"1335",1051029768503296000
"1336",3419570299060879360
"1337",2529376100404953088
"1338",21227993972080640
"1339",4299647671112564736
"1340",2317200618583752704
"1341",2607555979197284352
"1342",517232794661814272
"1343",1568057030726385664
"1344",2322005459701071872
"1345",4360400597694808064
"1346",3202117348257431552
"1347",2096338102623666176
"1348",2891421831057637376
"1349",1155555167815335936
"1350",4039761766274564096
"1351",2479898746096189440
"1352",2657411704018698240
"1353",3729473044754726912
"1354",253932344652595200
"1355",1453826892963512320
"1356",2325504915301990400
"1357",1576441148338077696
"1358",3837260000355418112
"1359",2005206501915885568
"1360",4415037239591960576
"1361",1754607350385213440
"1362",1894742881894137856
"1363",1832927262291263488
"1364",3922064331478401024
"1365",1348644161791721472
"1366",168821510704726016
"1367",2318525869397639168
"1368",3039644362930651136
"1369",392189542007832576
"1370",326129656124145664
"1371",161554370205319168
"1372",2155441171206242304
"1373",777506666043146240
"1374",1784151621886803968
"1375",2263790975828623360
"1376",3691407718125404160
"1377",388191090664013824
"1378",1414323076560060416
"1379",3768361152900235264
"1380",2487405383635697664
"1381",2218068121942491136
"1382",2150793397042937856
"1383",3000904197081137152
"1384",3270809229828554752
"1385",1691129300339654656
"1386",1325124399040299008
"1387",3037499149172867072
"1388",647125293026246656
"1389",1893917869142441984
"1390",760449683389677568
"1391",736441947928920064
"1392",3521034361648447488
"1393",2250555395229614080
"1394",3958488872152727552
"1395",1914881396208304128
"1396",1712479162935017472
"1397",1433286030408024064
"1398",1005020815034417152
"1399",1251871617609367552
"1400",2928496442949500928
"1401",3949487176898576384
"1402",4106766100434255872
"1403",2528402828603424768
"1404",1415409900854444032
"1405",1586702044251553792
"1406",1855537138368512000
"1407",1786478795155308544
"1408",1161694301726441472
"1409",2890947832024399872
"1410",2259281119507644416
"1411",3323872136652652544
"1412",4385301965526007808
"1413",975102012720939008
"1414",2283027607140171776
"1415",3364509714900582400
"1416",2867868401131323392
"1417",1176956197429837824
"1418",1722719471996502016
"1419",1304569592873484288
"1420",851814469683118080
"1421",1034176388774494208
"1422",2863922904586780672
"1423",1337887393650311168
"1424",4109490520596676608
"1425",3646710649532186624
"1426",3873683222474784768
"1427",396002153337978880
"1428",3306830671716024320
"1429",67288377526845440
"1430",4602814047291703296
"1431",3622393064393277440
"1432",3142414060142723072
"1433",3920178752788627456
"1434",4272940193297727488
"1435",564491823058255872
"1436",809579869049454592
"1437",300138374843334656
"1438",2824643236084056064
"1439",587799565822853120
"1440",2393789760674988032
"1441",1295211823355658240
"1442",752006850353823744
"1443",1981198096440229888
"1444",2780490107919007744
"1445",595063649379287040
"1446",4570440803238805504
"1447",4270416197784174592
"1448",839924811575590912
"1449",2282023619880026112
"1450",422064706379841536
"1451",3597314335887589376
"1452",1995091736895946752
"1453",3426401273820217344
"1454",2924383288061591552
"1455",3547782421535522816
"1456",2483709950824546304
"1457",3.877283859989e+18
"1458",2709377841551638528
"1459",4238784795515027456
"1460",4341664112103653376
"1461",4440749533755867136
"1462",3337686521003114496
"1463",4364538959745777664
"1464",3089978402153693184
"1465",3408338460291891200
"1466",430258185425649664
"1467",298484570842464256
"1468",2172074117107286016
"1469",1044005463307321344
"1470",710823877831294976
"1471",3013318054873399296
"1472",4239387532971737088
"1473",3754233823273943040
"1474",113072398189723648
"1475",4572969248338477056
"1476",48476541029449728
"1477",2756439259576532992
"1478",1128439734679371776
"1479",600711679549898752
"1480",3230387142974767104
"1481",2604491210793943040
"1482",4066414553049595904
"1483",2990791639674388480
"1484",1906762213654265856
"1485",480288220421029888
"1486",3449638239818743808
"1487",1.989966700598e+18
"1488",1476045040106078208
"1489",4.563204806621e+18
"1490",735211117676068864
"1491",4094318355350028288
"1492",2070380187870035968
"1493",2078091016744730624
"1494",1245309286611943424
"1495",4345694551290150912
"1496",911323480320901120
"1497",3233824887411834880
"1498",3154843001860128768
"1499",484332982249717760
"1500",3489545170041438208
"1501",2289943565343653888
"1502",3611019354264567808
"1503",2606182524891693056
"1504",4380036290523955200
"1505",284509662089314304
"1506",2764101881738297344
"1507",1562775209868525568
"1508",3052194053358616576
"1509",457319484793815040
"1510",1617604595939278848
"1511",2136796345585893376
"1512",2605347147310170112
"1513",1030204050831835136
"1514",4380323561559031808
"1515",2289632227459334144
"1516",312230904657346560
"1517",1494031930423771136
"1518",4172824971631919104
"1519",777691225082822656
"1520",3468888966139215872
"1521",2898249278575083520
"1522",3055805601163509760
"1523",2476744599423418368
"1524",450603014936330240
"1525",4063238395743174656
"1526",425584095997722624
"1527",1617080371558481920
"1528",1363226089010233344
"1529",2465857293267238912
"1530",777102192866754560
"1531",2872449825566097408
"1532",95278107090485248
"1533",1992986646722641920
"1534",2053534747388280832
"1535",1695308111318876160
"1536",966574327237443584
"1537",4044570681168363520
"1538",4533845114560184320
"1539",3647834098086445056
"1540",2447180046012514304
"1541",8277267415302145
"1542",2616112329292513280
"1543",4329026439270629376
"1544",1857637290403168256
"1545",601362135167008768
"1546",2727354962966216704
"1547",1003333457675288576
"1548",2985404268921487360
"1549",3636670098325897216
"1550",1098735036485599232
"1551",3017918576880254976
"1552",4556460270225981440
"1553",1425712301184385024
"1554",3489151885254852608
"1555",1941381917802758144
"1556",1643214333800349696
"1557",422733062346899456
"1558",2830665177517522944
"1559",1568213912996806656
"1560",2968534797023969280
"1561",2547799723398397952
"1562",2700784734052548608
"1563",2988075794414174208
"1564",2365137185587331072
"1565",4257269269605122048
"1566",2782962312569421824
"1567",3190584245449916416
"1568",1047556607765905408
"1569",1920540177755799552
"1570",599594304079396864
"1571",384464963869081600
"1572",607435732172144640
"1573",3477566055281328128
"1574",544029697990721536
"1575",3152075728661512192
"1576",427024746140401664
"1577",2855178314664902656
"1578",2513500076991578112
"1579",2587673535128272896
"1580",4014996319125897216
"1581",638267682113716224
"1582",4317838199788404736
"1583",1751543070534402048
"1584",2884991109669322752
"1585",2749086292745650176
"1586",1456413028063903744
"1587",2675959557867438080
"1588",3517143367165149184
"1589",1765099798723035136
"1590",4172171328075333632
"1591",1827938290557255680
"1592",339360622854537216
"1593",1172048544459128832
"1594",1265677526915612672
"1595",1738767709639802880
"1596",3293710959670984704
"1597",565950330601209856
"1598",2392306435737255936
"1599",2653484784281452544
"1600",3083287766524493824
"1601",3827642474436755456
"1602",309523593497149440
"1603",1744618217453649920
"1604",1886803207498235904
"1605",3577514037363081216
"1606",2377014434460598272
"1607",2248347205440110592
"1608",3816356509416161280
"1609",170999735581147136
"1610",1037016673195917312
"1611",3726187440944185344
"1612",323147797769486336
"1613",3912952953496928256
"1614",1978662161991335936
"1615",275472890910998528
"1616",4198054411613765632
"1617",978933896643084288
"1618",259464722091343872
"1619",3767813333042855936
"1620",2296181382570835968
"1621",3678932498135384064
"1622",2963545051122106368
"1623",3314431726595342336
"1624",3297166566877036544
"1625",2909712397037993984
"1626",3969665138339872768
"1627",4006393122748628992
"1628",1833808413486743552
"1629",787477807356706816
"1630",2791514327968907264
"1631",577004826949320704
"1632",3755000028259680256
"1633",704688761862094848
"1634",2470786886004637696
"1635",1856478864708993024
"1636",3120441012825096192
"1637",3963845755080278016
"1638",1016728550138445824
"1639",2137653966803042304
"1640",214607898968326144
"1641",309779746420424704
"1642",3315873645900857344
"1643",3380386046477860864
"1644",2659612923076280320
"1645",4246453938510888960
"1646",2220714622808227840
"1647",947647582111268864
"1648",3108115177166340096
"1649",1216605045215199232
"1650",611727507233701888
"1651",3619225728949682176
"1652",4036358306413936640
"1653",1628360952837570560
"1654",762164016364650496
"1655",3823732395266277376
"1656",1465317134144897024
"1657",4567363329248460800
"1658",2919572897846525952
"1659",1677355887829712896
"1660",1141436958552096768
"1661",1401784036577247232
"1662",268418921449652224
"1663",1607815169323302912
"1664",98061238382100480
"1665",2275348566392176640
"1666",4354503662358233088
"1667",2279917765202542592
"1668",213671424299106304
"1669",1025068228797267968
"1670",4596810180154359808
"1671",443797145334579200
"1672",2660627164570845184
"1673",3756679451740471296
"1674",2669077803709759488
"1675",1216998206521475072
"1676",1634430549080670208
"1677",246554483117522944
"1678",3834260777447981056
"1679",653184764957687808
"1680",263803785816571904
"1681",1504820189265395712
"1682",2743998455159455744
"1683",4310817649467588608
"1684",21647630530510848
"1685",1057041156128374784
"1686",504326900047413248
"1687",566190970102611968
"1688",4047245227096801280
"1689",1829257052749299712
"1690",2291533654578429952
"1691",4115526112509952000
"1692",3679078842703544320
"1693",1.665326389882e+18
"1694",4276744980271202304
"1695",130730653716054016
"1696",1467368332142313472
"1697",3954843435982127104
"1698",4522738616895537152
"1699",2228939417534332928
"1700",959258854397313024
"1701",3605002784761446400
"1702",978431216891985920
"1703",1263961538230747136
"1704",3676096019054985216
"1705",2314790682369196032
"1706",744687804100902912
"1707",2043412321220427776
"1708",4.277143325603e+18
"1709",922365285040652288
"1710",279789937560125440
"1711",3166058883751870464
"1712",958674800048340992
"1713",3716627334443302912
"1714",384593790339383296
"1715",4444013990221185024
"1716",1462551950447869952
"1717",4343502185233907712
"1718",3870565426257723392
"1719",227617397857583104
"1720",585494863823241216
"1721",2127265314939863040
"1722",813943498913873920
"1723",176008834605645824
"1724",2710704012562268160
"1725",1719449415967571968
"1726",476710260334133248
"1727",1903288756564131840
"1728",4122357663868649472
"1729",2846121031796523008
"1730",2065899133599744000
"1731",578006623776145408
"1732",3516537063811842048
"1733",3607611807742558208
"1734",3785094863029010432
"1735",1430092818860212224
"1736",4338705308059697152
"1737",7254310358351873
"1738",589905640617410560
"1739",1334555309703692288
"1740",1722613752450252800
"1741",376554260101332992
"1742",40540918935191552
"1743",501349613685440512
"1744",2328239748612620288
"1745",562437106408882176
"1746",902786373826641920
"1747",4579689073639161856
"1748",4225009963518394368
"1749",2452991727322005504
"1750",2301986109254533120
"1751",1408340012096815104
"1752",3239527830886809600
"1753",3361667542841032704
"1754",1937326217766109184
"1755",4200041943163469824
"1756",3215542531261464576
"1757",1498032206054948864
"1758",3184444441523912704
"1759",1515696523927617536
"1760",1289595632851353600
"1761",2859212158686724096
"1762",2344884405815738368
"1763",1778849136867540992
"1764",1157990073896009728
"1765",2440113024145555456
"1766",4297609215209373696
"1767",203110708529856512
"1768",1620866510857699328
"1769",3205148560081289216
"1770",1961309907852460032
"1771",1954550497985691648
"1772",665872472012226560
"1773",700228816282320896
"1774",4361615791045476352
"1775",4361678131422035968
"1776",3897649685447311360
"1777",4217589225324806144
"1778",1.141554378663e+18
"1779",1180565716936425472
"1780",1251958044162523136
"1781",3567545635164913664
"1782",62964801453686784
"1783",1211901253940936704
"1784",740351429025202176
"1785",2010027269845680128
"1786",2540503132308242432
"1787",565693877030223872
"1788",329729234928926720
"1789",348656632890130432
"1790",671330595908878336
"1791",4139650706514640896
"1792",3785421138809585664
"1793",1592594091915345920
"1794",1264915623339622400
"1795",3216066048046399488
"1796",1213298440088322048
"1797",891370488192827392
"1798",2107484878491615232
"1799",502682481623826432
"1800",615671117213859840
"1801",3538432002854223872
"1802",4124285102383431680
"1803",1060294255626420224
"1804",3370079299641016320
"1805",2931699570503057408
"1806",3280226472832270336
"1807",2925506499318906880
"1808",2136975827974225920
"1809",1497443866402357248
"1810",2546399789545684992
"1811",322415392028884992
"1812",3581622906947371008
"1813",2803259109313347584
"1814",3665989113825198080
"1815",4603082849967407104
"1816",4227413772962103296
"1817",3137326776607309824
"1818",612354630440976384
"1819",4357830521477136384
"1820",3177979297046462464
"1821",4421487355978842112
"1822",2919489804187992064
"1823",4296177043332136960
"1824",3107981027084075008
"1825",3994050285461831680
"1826",1309800805057953792
"1827",2950854296788271104
"1828",1839148688849502208
"1829",493730541418315776
"1830",2500349759009587200
"1831",2772691553263550464
"1832",4266883048164818944
"1833",2322629558177628160
"1834",120096251340390400
"1835",3578267531393105920
"1836",3197750398383292416
"1837",2718126357073625088
"1838",3968935881884041216
"1839",979454015035146240
"1840",1134359261543923712
"1841",2125259421331226624
"1842",4341659070885789696
"1843",4408279403830706176
"1844",4527665983766134784
"1845",2472341178834485248
"1846",1694898195345178624
"1847",2624622737196318720
"1848",4532097700673355776
"1849",2494994555414249472
"1850",1245426045297885184
"1851",4366450425277186048
"1852",1421325026451259392
"1853",1267622278443565056
"1854",1841335214823964672
"1855",1266822360112037888
"1856",1851477986251898880
"1857",2854021452338823168
"1858",2508558845966548992
"1859",2071518972678766592
"1860",1683365912876417024
"1861",2484762099700465664
"1862",3596886360650153984
"1863",1316827082717659136
"1864",1257430472447754240
"1865",1066299827865780224
"1866",3967166238320230400
"1867",2432408083671023616
"1868",3402035857778016256
"1869",3840468750021165056
"1870",898598354437537792
"1871",1512044261980241920
"1872",2346767403230167040
"1873",3920070229702475776
"1874",1934741188619796480
"1875",2091749675244716032
"1876",4062015993289900032
"1877",134660947150110720
"1878",1995292117521399808
"1879",1540251564923420672
"1880",4443943706302611456
"1881",3762621443431464960
"1882",1336697918563811328
"1883",2974039358107025408
"1884",1.850337713237e+18
"1885",1182066815522570240
"1886",303090375659094016
"1887",1727652547952377856
"1888",1796129927045578752
"1889",3270262660880400384
"1890",4373765380573757440
"1891",1794022247006994432
"1892",4184383627347361792
"1893",1675603810682142720
"1894",32950839844798464
"1895",4428478145397522432
"1896",4096541640875835392
"1897",468186337241989120
"1898",2244401088272793600
"1899",457535933965664256
"1900",328856863720341504
"1901",2340104901784240128
"1902",126226636403113984
"1903",3422691122156142592
"1904",4081709993521315840
"1905",1980739076105437184
"1906",3123155362362949632
"1907",4560073066792615936
"1908",4455586003284918272
"1909",311762827310268416
"1910",4467531338127245312
"1911",364105367187095552
"1912",201498796566249472
"1913",1908023507036405760
"1914",3971945339698544640
"1915",107200470300229632
"1916",3313880990455169024
"1917",404749367484874752
"1918",186105689611960320
"1919",1178785177040584704
"1920",1300144829518315520
"1921",3135902813486317568
"1922",4385554400081346560
"1923",4342463866152681472
"1924",3043373523046236160
"1925",2696080775274561536
"1926",221347149332348928
"1927",2032993541235408896
"1928",905136789310668800
"1929",1051095265680818176
"1930",47088640601358336
"1931",2681756577232322560
"1932",3824733527446913024
"1933",2696744088950013952
"1934",1481812238439284736
"1935",3129035772812853248
"1936",3527097166474510336
"1937",3874982162319015936
"1938",304307868964749312
"1939",3052714149202100224
"1940",796979808318783488
"1941",4136556038696468480
"1942",2598218816932544512
"1943",929638270990548992
"1944",2355011511350460416
"1945",2599447218381389824
"1946",1282687306804756480
"1947",3518517418471194624
"1948",1429435782279462912
"1949",4256294031782313984
"1950",2235681172938031104
"1951",879060155218526208
"1952",291289434396033024
"1953",3032502325164900352
"1954",2992855893298642944
"1955",1839588917628633088
"1956",745919011237134336
"1957",1024948455044284416
"1958",2252769538917531648
"1959",2856743457655881728
"1960",3981173262691336192
"1961",3280554216417918976
"1962",1508134534997082112
"1963",1377734622753849344
"1964",1977828463742025728
"1965",4144516511471501312
"1966",1075798034224250880
"1967",2993053645404110848
"1968",2656094084287954944
"1969",2415119520675921920
"1970",3673122070956343296
"1971",1329063290998882304
"1972",79755219109412864
"1973",3261667131019755520
"1974",120094312162656256
"1975",3929835037565911040
"1976",3337965672402518016
"1977",1118925892492460032
"1978",4339365648544038912
"1979",2755688053690335232
"1980",3581519036384542720
"1981",2366005227468881920
"1982",444200075543969792
"1983",2591125226397892608
"1984",1456682583432626176
"1985",3898939513518424064
"1986",2416158429241409536
"1987",398237472288407552
"1988",1190891751397654528
"1989",2319417395086622720
"1990",578460416061997056
"1991",4586897829426888704
"1992",1086102835440910336
"1993",1472268570925727744
"1994",713325396707246080
"1995",3479340267616600064
"1996",2944677449843081216
"1997",2.618802857868e+18
"1998",3877949882715078656
"1999",2797061242798211072
"2000",3983285404127199232
