0, 28.3229, 48.99, 44.9, 18.7699, -20.6671, 5.46297, 32.7778, 96, 1395916418687434752
1, 30.8157, 48.99, 44.9, 10, -18.1743, 16.7257, 100.354, 96, 1395916418687434752
2, 31.583, 48.99, 44.9, 10, -17.407, 17.493, 104.958, 96, 1395916418687434752
3, 39.6053, 48.99, 44.9, 69.3481, -9.38472, -33.8328, -202.997, 96, 1395916418687434752
4, 22.5587, 49.1881, 44.9, 10, -26.6293, 8.27066, 49.6239, 96, 1395916418687434752
5, 39.6053, 48.99, 51.9327, 18.7699, -9.38472, 23.7781, 142.668, 96, 1395916418687434752
6, 39.6053, 48.99, 44.9, 10, -9.38472, 25.5153, 153.092, 96, 1395916418687434752
7, 22.5587, 48.99, 33.8007, 10, -26.4313, -2.63058, -15.7835, 96, 1395916418687434752
8, 30.695, 86.7567, 44.9, 10, -56.0617, -21.1617, -126.97, 96, 1395916418687434752
9, 41.93, 48.99, 48.4098, 10, -7.06, 31.3498, 188.099, 96, 1395916418687434752
10, 40.9113, 48.99, 44.9, 10, -8.07866, 26.8213, 160.928, 96, 1395916418687434752
11, 23.2113, 48.99, 44.9, 10, -25.7787, 9.12134, 54.728, 96, 1395916418687434752
12, 30.695, 48.99, 44.9, 9.80741, -18.295, 16.7976, 100.785, 96, 1395916418687434752
13, 39.6053, 48.99, 44.9, 18.7699, -9.38472, 16.7454, 100.472, 96, 1395916418687434752
14, 23.7893, 48.99, 44.9, 10, -25.2007, 9.69928, 58.1957, 96, 1395916418687434752
15, 31.583, 48.99, 34.9208, 10, -17.407, 7.5138, 45.0828, 96, 1395916418687434752
16, 30.695, 48.99, 44.9, 9.80741, -18.295, 16.7976, 100.785, 96, 1395916418687434752
17, 40.9113, 48.99, 49.5366, 10, -8.07866, 31.4579, 188.748, 96, 1395916418687434752
18, 39.6053, 48.99, 44.9, 18.7699, -9.38472, 16.7454, 100.472, 96, 1395916418687434752
19, 23.2113, 48.99, 44.9, 10, -25.7787, 9.12134, 54.728, 96, 1395916418687434752
20, 29.9493, 48.99, 44.9, 15.0305, -19.0407, 10.8287, 64.9723, 96, 1395916418687434752
21, 40.7511, 48.99, 44.9, 10, -8.23894, 26.6611, 159.966, 96, 1395916418687434752
22, 29.1072, 48.99, 44.9, 20.1921, -19.8828, 4.82511, 28.9507, 96, 1395916418687434752
23, 30.695, 48.99, 44.9, 10, -18.295, 16.605, 99.6298, 96, 1395916418687434752
24, 30.8157, 48.99, 44.9, 10, -18.1743, 16.7257, 100.354, 96, 1395916418687434752
25, 40.7511, 48.99, 44.9, 10, -8.23894, 26.6611, 159.966, 96, 1395916418687434752
26, 30.695, 48.99, 66.7338, 10, -18.295, 38.4388, 230.633, 96, 1395916418687434752
27, 40.7511, 48.99, 25.8107, 10, -8.23894, 7.57176, 45.4306, 96, 1395916418687434752
28, 31.583, 48.99, 44.9, 10, -17.407, 17.493, 104.958, 96, 1395916418687434752
29, 23.7893, 48.99, 41.3274, 10, -25.2007, 6.12668, 36.7601, 96, 1395916418687434752
30, 23.7893, 25.1748, 44.9, 10, -1.38548, 33.5145, 201.087, 96, 1395916418687434752
31, 30.695, 48.99, 44.9, 10, -18.295, 16.605, 99.6298, 96, 1395916418687434752
32, 40.7511, 48.99, 73.7297, 10, -8.23894, 55.4907, 332.944, 96, 1395916418687434752
33, 21.5788, 48.99, 44.9, 9.33431, -27.4112, 8.15444, 48.9267, 96, 1395916418687434752
34, 29.8319, 48.99, 44.9, 18.7699, -19.1581, 6.972, 41.832, 96, 1395916418687434752
35, 30.695, 104.568, 44.9, 10, -73.8735, -38.9735, -233.841, 96, 1395916418687434752
36, 29.9493, 48.99, 44.9, 24.2153, -19.0407, 1.64394, 9.86365, 96, 1395916418687434752
37, 30.8157, 48.99, 44.9, 10, -18.1743, 16.7257, 100.354, 96, 1395916418687434752
38, 29.8319, 50.2891, 44.9, 18.7699, -20.4571, 5.67295, 34.0377, 96, 1395916418687434752
39, 30.8157, 48.99, 44.9, 10, -18.1743, 16.7257, 100.354, 96, 1395916418687434752
40, 30.067, 56.0403, 41.7437, 10, -25.9732, 5.77041, 34.6225, 96, 1395916418687434752
41, 23.7893, 48.99, 44.9, 7.07211, -25.2007, 12.6272, 75.763, 96, 1395916418687434752
42, 35.4263, 70.3586, 44.9, 14.8452, -34.9324, -4.87755, -29.2653, 96, 1395916418687434752
43, 40.7511, 48.99, 44.9, 16.2819, -8.23894, 20.3792, 122.275, 96, 1395916418687434752
44, 40.7511, 48.99, 44.9, 10, -8.23894, 26.6611, 159.966, 96, 1395916418687434752
45, 31.583, 48.99, 44.9, 10, -17.407, 17.493, 104.958, 96, 1395916418687434752
46, 29.8319, 48.99, 44.9, 10, -19.1581, 15.7419, 94.4516, 96, 1395916418687434752
47, 39.761, 48.99, 44.9, 10, -9.22895, 25.671, 154.026, 96, 1395916418687434752
48, 22.4703, 48.99, 44.9, 9.80741, -26.5197, 8.57292, 51.4375, 96, 1395916418687434752
49, 31.583, 48.99, 44.9, 10, -17.407, 17.493, 104.958, 96, 1395916418687434752
50, 30.8157, 48.99, 44.9, 9.81937, -18.1743, 16.9063, 101.438, 96, 1395916418687434752
51, 40.7511, 48.99, 44.9, 18.7699, -8.23894, 17.8911, 107.347, 96, 1395916418687434752
52, 40.7511, 48.99, 44.9, 10, -8.23894, 26.6611, 159.966, 96, 1395916418687434752
53, 22.4703, 48.99, 44.9, 10, -26.5197, 8.38034, 50.282, 96, 1395916418687434752
54, 30.695, 48.99, 44.6654, 18.7699, -18.295, 7.60042, 45.6025, 96, 1395916418687434752
55, 23.2113, 48.99, 44.9, 10, -25.7787, 9.12134, 54.728, 96, 1395916418687434752
56, 29.8319, 48.99, 44.9, 18.7699, -19.1581, 6.972, 41.832, 96, 1395916418687434752
57, 39.6053, 48.99, 44.9, 10, -9.38472, 25.5153, 153.092, 96, 1395916418687434752
58, 30.695, 48.99, 44.9, 10, -18.295, 16.605, 99.6298, 96, 1395916418687434752
59, 40.7511, 48.99, 44.9, 10, -8.23894, 26.6611, 159.966, 96, 1395916418687434752
60, 23.7893, 69.5318, 31.4776, 10, -45.7425, -24.2649, -145.589, 96, 1395916418687434752
61, 40.7511, 49.1881, 44.9, 18.7699, -8.43699, 17.6931, 106.158, 96, 1395916418687434752
62, 40.9113, 48.99, 44.9, 10, -8.07866, 26.8213, 160.928, 96, 1395916418687434752
63, 30.5728, 48.99, 44.9, 10, -18.4172, 16.4828, 98.8968, 96, 1395916418687434752
64, 30.8157, 48.99, 44.9, 10, -18.1743, 16.7257, 100.354, 96, 1395916418687434752
65, 39.761, 48.99, 44.9, 18.7699, -9.22895, 16.9011, 101.407, 96, 1395916418687434752
66, 39.6053, 48.99, 44.9, 10, -9.38472, 25.5153, 153.092, 96, 1395916418687434752
67, 39.6053, 48.99, 44.9, 18.7699, -9.38472, 16.7454, 100.472, 96, 1395916418687434752
68, 30.8157, 48.99, 44.9, 10, -18.1743, 16.7257, 100.354, 96, 1395916418687434752
69, 23.1204, 48.99, 44.9, 15.7889, -25.8696, 3.24153, 19.4492, 96, 1395916418687434752
70, 29.9493, 42.0938, 44.9, 7.12832, -12.1446, 25.6271, 153.763, 96, 1395916418687434752
71, 31.583, 48.99, 95.6092, 10, -17.407, 68.2022, 409.213, 96, 1395916418687434752
72, 77.6689, 48.99, 44.9, 10, 28.6789, 63.5789, 381.473, 96, 1395916418687434752
73, 40.9113, 48.99, 44.9, 10, -8.07866, 26.8213, 160.928, 96, 1395916418687434752
74, 41.93, 48.99, 44.9, 10, -7.06, 27.84, 167.04, 96, 1395916418687434752
75, 41.93, 48.99, 44.9, 10, -7.06, 27.84, 167.04, 96, 1395916418687434752
76, 23.2113, 48.99, 44.9, 10, -25.7787, 9.12134, 54.728, 96, 1395916418687434752
77, 31.583, 48.99, 44.9, 10, -17.407, 17.493, 104.958, 96, 1395916418687434752
78, 23.1204, 48.99, 44.9, 10, -25.8696, 9.03041, 54.1824, 96, 1395916418687434752
79, 23.7893, 59.5475, 44.9, 10, -35.7583, -0.858262, -5.14957, 96, 1395916418687434752
80, 43.4494, 48.99, 44.9, 10, -5.5406, 29.3594, 176.156, 96, 1395916418687434752
81, 31.583, 48.99, 44.9, 10, -17.407, 17.493, 104.958, 96, 1395916418687434752
82, 40.7511, 48.99, 44.9, 18.7699, -8.23894, 17.8911, 107.347, 96, 1395916418687434752
83, 23.7893, 48.99, 44.9, 10, -25.2007, 9.69928, 58.1957, 96, 1395916418687434752
84, 41.93, 48.99, 44.9, 10, -7.06, 27.84, 167.04, 96, 1395916418687434752
85, 41.93, 48.99, 44.9, 10, -7.06, 27.84, 167.04, 96, 1395916418687434752
86, 29.4799, 42.0757, 44.9, 10, -12.5958, 22.3042, 133.825, 96, 1395916418687434752
87, 39.761, 90.8754, 44.9, 9.80741, -51.1143, -16.0217, -96.1304, 96, 1395916418687434752
88, 22.4112, 48.99, 44.9, 10, -26.5788, 8.32122, 49.9273, 96, 1395916418687434752
89, 30.8157, 48.99, 44.9, 10, -18.1743, 16.7257, 100.354, 96, 1395916418687434752
90, 39.6053, 48.99, 44.9, 10, -9.38472, 25.5153, 153.092, 96, 1395916418687434752
91, 29.8319, 48.99, 44.9, 10, -19.1581, 15.7419, 94.4516, 96, 1395916418687434752
92, 27.8044, 48.99, 44.9, 10, -21.1856, 13.7144, 82.2865, 96, 1395916418687434752
93, 39.6053, 48.99, 44.9, 10, -9.38472, 25.5153, 153.092, 96, 1395916418687434752
94, 29.8319, 48.99, 44.9, 10, -19.1581, 15.7419, 94.4516, 96, 1395916418687434752
95, 30.067, 48.99, 45.8427, 10, -18.923, 16.9198, 101.519, 96, 1395916418687434752
96, 41.93, 48.99, 44.9, 10, -7.06, 27.84, 167.04, 96, 1395916418687434752
97, 31.583, 36.7716, 44.9, 10, -5.18861, 29.7114, 178.268, 96, 1395916418687434752
98, 39.5011, 48.99, 44.9, 10, -9.48892, 25.4111, 152.466, 96, 1395916418687434752
99, 19.7858, 48.99, 44.9, 10, -29.2042, 5.69578, 34.1747, 96, 1395916418687434752
100, 29.9493, 43.1732, 44.9, 10, -13.224, 21.676, 130.056, 96, 1395916418687434752
101, 31.583, 38.1758, 44.9, 10, -6.59278, 28.3072, 169.843, 96, 1395916418687434752
102, 30.695, 48.99, 44.9, 10, -18.295, 16.605, 99.6298, 96, 1395916418687434752
103, 40.7511, 49.1881, 44.9, 18.7699, -8.43699, 17.6931, 106.158, 96, 1395916418687434752
104, 101.725, 48.99, 44.9, 18.7699, 52.7353, 78.8654, 473.192, 96, 1395916418687434752
105, 29.9493, 48.99, 44.9, 10, -19.0407, 15.8593, 95.1555, 96, 1395916418687434752
106, 30.8157, 48.99, 44.9, 10, -18.1743, 16.7257, 100.354, 96, 1395916418687434752
107, 30.8157, 48.99, 44.9, 10, -18.1743, 16.7257, 100.354, 96, 1395916418687434752
108, 23.1204, 48.99, 44.9, 10, -25.8696, 9.03041, 54.1824, 96, 1395916418687434752
109, 39.761, 48.99, 44.9, 10, -9.22895, 25.671, 154.026, 96, 1395916418687434752
110, 19.1195, 48.99, 44.9, 10, -29.8705, 5.02954, 30.1772, 96, 1395916418687434752
111, 23.7893, 43.1295, 44.9, 10, -19.3403, 15.5597, 93.3585, 96, 1395916418687434752
112, 23.1204, 48.99, 44.9, 10, -25.8696, 9.03041, 54.1824, 96, 1395916418687434752
113, 29.8319, 48.99, 22.2701, 10, -19.1581, -6.88793, -41.3276, 96, 1395916418687434752
114, 30.8157, 48.99, 44.9, 10, -18.1743, 16.7257, 100.354, 96, 1395916418687434752
115, 41.93, 48.99, 44.9, 10, -7.06, 27.84, 167.04, 96, 1395916418687434752
116, 39.6053, 48.99, 44.9, 10, -9.38472, 25.5153, 153.092, 96, 1395916418687434752
117, 41.93, 48.99, 44.9, 10, -7.06, 27.84, 167.04, 96, 1395916418687434752
118, 39.9174, 48.99, 44.9, 10, -9.07257, 25.8274, 154.965, 96, 1395916418687434752
119, 30.453, 48.99, 44.9, 13.9312, -18.537, 12.4318, 74.5911, 96, 1395916418687434752
120, 30.695, 48.99, 44.9, 10, -18.295, 16.605, 99.6298, 96, 1395916418687434752
121, 40.7511, 48.99, 44.9, 6.10653, -8.23894, 30.5545, 183.327, 96, 1395916418687434752
122, 40.7511, 48.99, 44.9, 10, -8.23894, 26.6611, 159.966, 96, 1395916418687434752
123, 29.8319, 48.99, 44.9, 10, -19.1581, 15.7419, 94.4516, 96, 1395916418687434752
124, 22.5587, 48.99, 44.9, 10, -26.4313, 8.46871, 50.8123, 96, 1395916418687434752
125, 29.8319, 48.99, 44.9, 10, -19.1581, 15.7419, 94.4516, 96, 1395916418687434752
126, 45.4835, 48.99, 44.9, 10, -3.50647, 31.3935, 188.361, 96, 1395916418687434752
127, 22.4703, 48.99, 37.7638, 10, -26.5197, 1.24412, 7.46474, 96, 1395916418687434752
128, 30.8157, 48.99, 44.9, 10, -18.1743, 16.7257, 100.354, 96, 1395916418687434752
129, 23.2113, 48.99, 44.9, 10, -25.7787, 9.12134, 54.728, 96, 1395916418687434752
130, 30.695, 48.7981, 44.9, 10, -18.1032, 16.7968, 100.781, 96, 1395916418687434752
131, 23.2113, 49.1881, 44.9, 10, -25.9767, 8.92328, 53.5397, 96, 1395916418687434752
132, 29.8319, 48.99, 44.9, 18.7699, -19.1581, 6.972, 41.832, 96, 1395916418687434752
133, 22.5587, 41.526, 49.4944, 10, -18.9673, 20.5271, 123.163, 96, 1395916418687434752
134, 30.695, 48.99, 44.9, 10, -18.295, 16.605, 99.6298, 96, 1395916418687434752
135, 40.7511, 48.99, 44.9, 10, -8.23894, 26.6611, 159.966, 96, 1395916418687434752
136, 40.7511, 48.99, 44.9, 10, -8.23894, 26.6611, 159.966, 96, 1395916418687434752
137, 23.6663, 48.99, 44.9, 10, -25.3237, 9.57632, 57.4579, 96, 1395916418687434752
138, 71.8394, 48.99, 106.072, 10, 22.8494, 118.922, 713.53, 96, 1395916418687434752
139, 36.3194, 48.99, 44.9, 9.74506, -12.6706, 22.4843, 134.906, 96, 1395916418687434752
140, 9.76305, 48.99, 44.9, 10, -39.2269, -4.32695, -25.9617, 96, 1395916418687434752
141, 30.2442, 48.99, 44.9, 10, -18.7458, 16.1542, 96.9252, 96, 1395916418687434752
142, 30.695, 48.99, 44.9, 10, -18.295, 16.605, 99.6298, 96, 1395916418687434752
143, 31.583, 34.6035, 44.9, 10, -3.02049, 31.8795, 191.277, 96, 1395916418687434752
144, 29.8319, 48.99, 44.9, 11.7925, -19.1581, 13.9494, 83.6965, 96, 1395916418687434752
145, 40.7511, 56.4199, 44.9, 18.7699, -15.6688, 10.4612, 62.7674, 96, 1395916418687434752
146, 40.7511, 48.99, 45.8427, 5.44173, -8.23894, 32.1621, 192.972, 96, 1395916418687434752
147, 19.715, 48.99, 44.9, 10, -29.275, 5.62501, 33.75, 96, 1395916418687434752
148, 40.9113, 48.99, 44.9, 10, -8.07866, 26.8213, 160.928, 96, 1395916418687434752
149, 31.583, 48.99, 44.9, 10, -17.407, 17.493, 104.958, 96, 1395916418687434752
150, 29.7945, 48.99, 38.2511, 10, -19.1955, 9.05556, 54.3334, 96, 1395916418687434752
151, 31.583, 48.99, 44.9, 10.0097, -17.407, 17.4833, 104.9, 96, 1395916418687434752
152, 29.8319, 48.99, 44.9, 10, -19.1581, 15.7419, 94.4516, 96, 1395916418687434752
153, 29.8319, 48.99, 44.9, 12.3494, -19.1581, 13.3925, 80.3549, 96, 1395916418687434752
154, 30.695, 48.99, 44.9, 10, -18.295, 16.605, 99.6298, 96, 1395916418687434752
155, 22.4703, 100.305, 44.9, 10, -77.8345, -42.9345, -257.607, 96, 1395916418687434752
156, 31.583, 48.99, 44.9, 10, -17.407, 17.493, 104.958, 96, 1395916418687434752
157, 30.695, 48.99, 74.0276, 10, -18.295, 45.7326, 274.395, 96, 1395916418687434752
158, 39.6564, 48.99, 86.8582, 18.7699, -9.33356, 58.7547, 352.528, 96, 1395916418687434752
159, 31.583, 48.99, 44.9, 10, -17.407, 17.493, 104.958, 96, 1395916418687434752
160, 40.9113, 48.99, 20.0741, 10, -8.07866, 1.99545, 11.9727, 96, 1395916418687434752
161, 30.067, 48.99, 44.9, 10, -18.923, 15.977, 95.8623, 96, 1395916418687434752
162, 23.0404, 48.99, 44.9, 10, -25.9496, 8.95043, 53.7026, 96, 1395916418687434752
163, 23.2113, 48.99, 44.9, 10, -25.7787, 9.12134, 54.728, 96, 1395916418687434752
164, 41.93, 48.99, 44.9, 10, -7.06, 27.84, 167.04, 96, 1395916418687434752
165, 29.9493, 48.99, 45.8427, 10, -19.0407, 16.802, 100.812, 96, 1395916418687434752
166, 23.7893, 48.99, 44.9, 10, -25.2007, 9.69928, 58.1957, 96, 1395916418687434752
167, 22.5587, 48.99, 44.9, 10, -26.4313, 8.46871, 50.8123, 96, 1395916418687434752
168, 29.9493, 48.99, 44.9, 10, -19.0407, 15.8593, 95.1555, 96, 1395916418687434752
169, 23.1204, 48.99, 44.9, 10, -25.8696, 9.03041, 54.1824, 96, 1395916418687434752
170, 30.5363, 48.99, 44.9, 10, -18.4537, 16.4463, 98.6779, 96, 1395916418687434752
171, 40.7511, 48.99, 44.9, 9.80741, -8.23894, 26.8537, 161.122, 96, 1395916418687434752
172, 30.695, 48.99, 44.9, 10, -18.295, 16.605, 99.6298, 96, 1395916418687434752
173, 29.8705, 48.99, 44.9, 10, -19.1195, 15.7805, 94.6828, 96, 1395916418687434752
174, 23.1204, 48.99, 44.9, 10, -25.8696, 9.03041, 54.1824, 96, 1395916418687434752
175, 40.9113, 48.99, 44.9, 10, -8.07866, 26.8213, 160.928, 96, 1395916418687434752
176, 30.695, 48.99, 65.3942, 10, -18.295, 37.0992, 222.595, 96, 1395916418687434752
177, 41.93, 81.2181, 44.9, 4.75429, -39.2881, 0.857628, 5.14577, 96, 1395916418687434752
178, 29.8319, 48.99, 44.9, 12.1902, -19.1581, 13.5517, 81.3104, 96, 1395916418687434752
179, 46.6899, 48.99, 44.9, 10, -2.30014, 32.5999, 195.599, 96, 1395916418687434752
180, 23.2113, 48.99, 45.8427, 20.9481, -25.7787, -0.884002, -5.30401, 96, 1395916418687434752
181, 31.583, 48.99, 44.9, 10, -17.407, 17.493, 104.958, 96, 1395916418687434752
182, 40.7511, 48.99, 24.7616, 10, -8.23894, 6.5227, 39.1362, 96, 1395916418687434752
183, 20.2297, 48.99, 44.9, 7.97279, -28.7603, 8.16686, 49.0011, 96, 1395916418687434752
184, 23.7893, 48.99, 44.9, 10, -25.2007, 9.69928, 58.1957, 96, 1395916418687434752
185, 29.9493, 48.99, 44.9, 10, -19.0407, 15.8593, 95.1555, 96, 1395916418687434752
186, 29.8319, 48.99, 44.9, 10, -19.1581, 15.7419, 94.4516, 96, 1395916418687434752
187, 23.1204, 48.99, 54.5172, 10, -25.8696, 18.6476, 111.886, 96, 1395916418687434752
188, 31.583, 48.99, 44.9, 10, -17.407, 17.493, 104.958, 96, 1395916418687434752
189, 23.7893, 48.99, 23.8835, 10, -25.2007, -11.3172, -67.9033, 96, 1395916418687434752
190, 40.9113, 48.99, 44.9, 10, -8.07866, 26.8213, 160.928, 96, 1395916418687434752
191, 22.4703, 48.99, 44.9, 10, -26.5197, 8.38034, 50.282, 96, 1395916418687434752
192, 39.5011, 48.99, 44.9, 11.8175, -9.48892, 23.5936, 141.561, 96, 1395916418687434752
193, 29.8319, 48.99, 44.9, 10, -19.1581, 15.7419, 94.4516, 96, 1395916418687434752
194, 23.2113, 48.99, 44.9, 10, -25.7787, 9.12134, 54.728, 96, 1395916418687434752
195, 52.0715, 48.99, 44.9, 10, 3.08153, 37.9815, 227.889, 96, 1395916418687434752
196, 39.6053, 48.99, 44.9, 8.90975, -9.38472, 26.6055, 159.633, 96, 1395916418687434752
197, 31.583, 48.99, 44.9, 10, -17.407, 17.493, 104.958, 96, 1395916418687434752
198, 45.841, 48.99, 44.9, 10, -3.14902, 31.751, 190.506, 96, 1395916418687434752
199, 40.7511, 48.99, 82.5769, 7.90283, -8.23894, 66.4352, 398.611, 96, 1395916418687434752
200, 30.695, 48.99, 44.9, 10, -18.295, 16.605, 99.6298, 96, 1395916418687434752
201, 29.9493, 48.99, 44.9, 10, -19.0407, 15.8593, 95.1555, 96, 1395916418687434752
202, 31.583, 48.99, 44.9, 10, -17.407, 17.493, 104.958, 96, 1395916418687434752
203, 41.93, 48.99, 44.9, 10, -7.06, 27.84, 167.04, 96, 1395916418687434752
204, 29.1039, 48.99, 44.9, 10.7279, -19.8861, 14.286, 85.7161, 96, 1395916418687434752
205, 23.1204, 48.99, 20.0424, 7.38778, -25.8696, -13.215, -79.2898, 96, 1395916418687434752
206, 30.8157, 48.99, 44.9, 10, -18.1743, 16.7257, 100.354, 96, 1395916418687434752
207, 31.583, 48.99, 44.9, 10, -17.407, 17.493, 104.958, 96, 1395916418687434752
208, 22.4703, 48.99, 29.9316, 10, -26.5197, -6.58805, -39.5283, 96, 1395916418687434752
209, 40.9113, 49.1881, 44.9, 10, -8.27672, 26.6233, 159.74, 96, 1395916418687434752
210, 30.695, 48.99, 39.4507, 10, -18.295, 11.1557, 66.9342, 96, 1395916418687434752
211, 21.9244, 48.99, 47.798, 10, -27.0656, 10.7325, 64.3948, 96, 1395916418687434752
212, 23.2113, 48.99, 44.9, 10, -25.7787, 9.12134, 54.728, 96, 1395916418687434752
213, 29.9493, 24.5689, 44.6654, 10, 5.38031, 40.0457, 240.274, 96, 1395916418687434752
214, 30.8157, 48.99, 45.8427, 10, -18.1743, 17.6684, 106.011, 96, 1395916418687434752
215, 23.7893, 48.99, 64.9652, 10.5811, -25.2007, 29.1835, 175.101, 96, 1395916418687434752
216, 29.8319, 48.99, 44.9, 10, -19.1581, 15.7419, 94.4516, 96, 1395916418687434752
217, 23.2113, 48.99, 44.9, 10, -25.7787, 9.12134, 54.728, 96, 1395916418687434752
218, 39.761, 48.99, 44.9, 10, -9.22895, 25.671, 154.026, 96, 1395916418687434752
219, 29.9493, 48.99, 44.9, 10, -19.0407, 15.8593, 95.1555, 96, 1395916418687434752
220, 40.9113, 48.99, 44.9, 10, -8.07866, 26.8213, 160.928, 96, 1395916418687434752
221, 30.695, 48.99, 44.9, 10, -18.295, 16.605, 99.6298, 96, 1395916418687434752
222, 40.9113, 48.99, 16.7369, 38.9901, -8.07866, -30.3319, -181.991, 96, 1395916418687434752
223, 23.2113, 48.99, 45.1582, 10, -25.7787, 9.37956, 56.2774, 96, 1395916418687434752
224, 29.2217, 48.99, 44.9, 18.7699, -19.7683, 6.36174, 38.1704, 96, 1395916418687434752
225, 39.6053, 48.99, 44.9, 10, -9.38472, 25.5153, 153.092, 96, 1395916418687434752
226, 29.8319, 48.99, 44.9, 10, -19.1581, 15.7419, 94.4516, 96, 1395916418687434752
227, 30.695, 48.99, 44.9, 10, -18.295, 16.605, 99.6298, 96, 1395916418687434752
228, 34.1835, 48.99, 44.9, 10, -14.8065, 20.0935, 120.561, 96, 1395916418687434752
229, 41.93, 53.066, 44.9, 10, -11.136, 23.764, 142.584, 96, 1395916418687434752
230, 39.761, 48.99, 44.9, 23.9297, -9.22895, 11.7414, 70.4483, 96, 1395916418687434752
231, 59.6991, 48.99, 44.9, 18.7699, 10.7091, 36.8392, 221.035, 96, 1395916418687434752
232, 41.93, 48.99, 44.9, 10, -7.06, 27.84, 167.04, 96, 1395916418687434752
233, 41.93, 48.99, 44.9, 10, -7.06, 27.84, 167.04, 96, 1395916418687434752
234, 40.7511, 48.99, 44.9, 10, -8.23894, 26.6611, 159.966, 96, 1395916418687434752
235, 40.7511, 55.9903, 44.9, 10, -15.2392, 19.6608, 117.965, 96, 1395916418687434752
236, 30.8157, 48.99, 44.9, 10, -18.1743, 16.7257, 100.354, 96, 1395916418687434752
237, 31.583, 48.99, 44.9, 10, -17.407, 17.493, 104.958, 96, 1395916418687434752
238, 39.761, 48.99, 44.9, 10, -9.22895, 25.671, 154.026, 96, 1395916418687434752
239, 60.5863, 48.99, 44.9, 10, 11.5963, 46.4963, 278.978, 96, 1395916418687434752
240, 29.8319, 48.99, 44.9, 10, -19.1581, 15.7419, 94.4516, 96, 1395916418687434752
241, 30.695, 60.8422, 44.9, 10, -30.1473, 4.75273, 28.5164, 96, 1395916418687434752
242, 30.6142, 48.99, 44.9, 10, -18.3758, 16.5242, 99.1453, 96, 1395916418687434752
243, 30.695, 48.99, 44.9, 9.93991, -18.295, 16.6651, 99.9903, 96, 1395916418687434752
244, 30.695, 48.99, 44.9, 10, -18.295, 16.605, 99.6298, 96, 1395916418687434752
245, 41.93, 48.99, 44.9, 10, -7.06, 27.84, 167.04, 96, 1395916418687434752
246, 25.0998, 48.99, 32.4299, 16.5956, -23.8902, -8.05599, -48.336, 96, 1395916418687434752
247, 30.695, 48.99, 60.5332, 10, -18.295, 32.2382, 193.429, 96, 1395916418687434752
248, 39.6053, 48.99, 44.9, 10, -9.38472, 25.5153, 153.092, 96, 1395916418687434752
249, 41.93, 48.99, 44.9, 10, -7.06, 27.84, 167.04, 96, 1395916418687434752
250, 25.3617, 48.99, 44.9, 10, -23.6283, 11.2717, 67.6301, 96, 1395916418687434752
251, 30.8157, 48.99, 44.9, 10, -18.1743, 16.7257, 100.354, 96, 1395916418687434752
252, 30.695, 48.99, 44.9, 10, -18.295, 16.605, 99.6298, 96, 1395916418687434752
253, 40.7511, 48.99, 44.9, 10, -8.23894, 26.6611, 159.966, 96, 1395916418687434752
254, 31.583, 62.6915, 44.9, 10, -31.1085, 3.79148, 22.7489, 96, 1395916418687434752
255, 39.9174, 21.5623, 44.9, 10, 18.3552, 53.2552, 319.531, 96, 1395916418687434752
256, 29.8319, 48.99, 44.9, 10, -19.1581, 15.7419, 94.4516, 96, 1395916418687434752
257, 22.5587, 48.99, 44.9, 10, -26.4313, 8.46871, 50.8123, 96, 1395916418687434752
258, 30.8157, 48.99, 44.9, 10, -18.1743, 16.7257, 100.354, 96, 1395916418687434752
259, 29.9493, 48.99, 44.9, 5.21221, -19.0407, 20.647, 123.882, 96, 1395916418687434752
260, 30.695, 48.99, 44.9, 10, -18.295, 16.605, 99.6298, 96, 1395916418687434752
261, 49.0935, 48.99, 55.9395, 18.3981, 0.10352, 37.645, 225.87, 96, 1395916418687434752
262, 17.8117, 48.99, 44.9, 10, -31.1783, 3.72169, 22.3302, 96, 1395916418687434752
263, 41.93, 47.2669, 44.9, 9.80741, -5.33691, 29.7557, 178.534, 96, 1395916418687434752
264, 45.9583, 48.99, 44.9, 10, -3.03175, 31.8683, 191.21, 96, 1395916418687434752
265, 31.583, 48.99, 44.9, 10, -17.407, 17.493, 104.958, 96, 1395916418687434752
266, 23.2113, 48.99, 44.9, 10, -25.7787, 9.12134, 54.728, 96, 1395916418687434752
267, 30.695, 48.99, 59.7682, 10, -18.295, 31.4732, 188.839, 96, 1395916418687434752
268, 48.0865, 54.985, 47.7966, 10, -6.89855, 30.898, 185.388, 96, 1395916418687434752
269, 30.8157, 80.7709, 44.9, 10, -49.9552, -15.0552, -90.331, 96, 1395916418687434752
270, 39.6053, 48.99, 44.9, 35.231, -9.38472, 0.284269, 1.70561, 96, 1395916418687434752
271, 39.5011, 48.99, 66.425, 10, -9.48892, 46.9361, 281.616, 96, 1395916418687434752
272, 30.8157, 48.99, 44.9, 10, -18.1743, 16.7257, 100.354, 96, 1395916418687434752
273, 21.4719, 48.99, 44.9, 10, -27.5181, 7.38192, 44.2915, 96, 1395916418687434752
274, 29.9493, 48.99, 44.9, 10, -19.0407, 15.8593, 95.1555, 96, 1395916418687434752
275, 40.7511, 48.99, 44.9, 10, -8.23894, 26.6611, 159.966, 96, 1395916418687434752
276, 40.7511, 48.99, 44.9, 10, -8.23894, 26.6611, 159.966, 96, 1395916418687434752
277, 29.9493, 48.99, 44.9, 10, -19.0407, 15.8593, 95.1555, 96, 1395916418687434752
278, 63.9117, 48.99, 44.9, 9.80741, 14.9217, 50.0143, 300.086, 96, 1395916418687434752
279, 23.1204, 48.99, 44.9, 10, -25.8696, 9.03041, 54.1824, 96, 1395916418687434752
280, 30.8157, 48.99, 44.9, 10, -18.1743, 16.7257, 100.354, 96, 1395916418687434752
281, 30.695, 48.99, 44.9, 10.9508, -18.295, 15.6542, 93.9249, 96, 1395916418687434752
282, 41.93, 48.99, 44.9, 10, -7.06, 27.84, 167.04, 96, 1395916418687434752
283, 40.9113, 48.99, 44.9, 10, -8.07866, 26.8213, 160.928, 96, 1395916418687434752
284, 40.9113, 48.1128, 44.9, 10, -7.20143, 27.6986, 166.191, 96, 1395916418687434752
285, 30.8157, 48.99, 44.9, 10, -18.1743, 16.7257, 100.354, 96, 1395916418687434752
286, 23.1204, 48.99, 44.9, 9.80741, -25.8696, 9.22299, 55.338, 96, 1395916418687434752
287, 25.1431, 50.5545, 44.9, 10, -25.4114, 9.48861, 56.9317, 96, 1395916418687434752
288, 41.93, 48.99, 44.9, 10, -7.06, 27.84, 167.04, 96, 1395916418687434752
289, 30.695, 48.99, 44.9, 10, -18.295, 16.605, 99.6298, 96, 1395916418687434752
290, 39.6053, 48.99, 44.9, 10, -9.38472, 25.5153, 153.092, 96, 1395916418687434752
291, 30.8157, 48.99, 44.9, 10, -18.1743, 16.7257, 100.354, 96, 1395916418687434752
292, 40.7511, 48.99, 44.9, 10, -8.23894, 26.6611, 159.966, 96, 1395916418687434752
293, 29.8319, 48.99, 44.9, 10, -19.1581, 15.7419, 94.4516, 96, 1395916418687434752
294, 30.695, 48.99, 44.9, 10, -18.295, 16.605, 99.6298, 96, 1395916418687434752
295, 22.5587, 48.99, 44.9, 4.70082, -26.4313, 13.7679, 82.6074, 96, 1395916418687434752
296, 40.7511, 48.99, 44.9, 10, -8.23894, 26.6611, 159.966, 96, 1395916418687434752
297, 29.9493, 49.1881, 44.9, 10, -19.2388, 15.6612, 93.9672, 96, 1395916418687434752
298, 40.9113, 48.99, 44.9, 10, -8.07866, 26.8213, 160.928, 96, 1395916418687434752
299, 30.8157, 48.99, 44.9, 9.80741, -18.1743, 16.9183, 101.51, 96, 1395916418687434752
300, 30.695, 48.99, 44.9, 10, -18.295, 16.605, 99.6298, 96, 1395916418687434752
301, 31.583, 48.99, 44.9, 10, -17.407, 17.493, 104.958, 96, 1395916418687434752
302, 23.3246, 48.99, 16.7317, 10, -25.6654, -18.9336, -113.602, 96, 1395916418687434752
303, 23.7893, 48.99, 24.9306, 10, -25.2007, -10.2701, -61.6206, 96, 1395916418687434752
304, 39.761, 48.99, 44.9, 13.9362, -9.22895, 21.7349, 130.409, 96, 1395916418687434752
305, 30.695, 49.1881, 44.9, 10, -18.4931, 16.4069, 98.4415, 96, 1395916418687434752
306, 23.2113, 48.99, 44.9, 10, -25.7787, 9.12134, 54.728, 96, 1395916418687434752
307, 39.761, 48.99, 44.9, 10, -9.22895, 25.671, 154.026, 96, 1395916418687434752
308, 29.7534, 48.99, 44.9, 10, -19.2366, 15.6634, 93.9807, 96, 1395916418687434752
309, 21.1527, 48.99, 44.9, 10, -27.8373, 7.06267, 42.376, 96, 1395916418687434752
310, 22.5587, 48.99, 44.9, 10, -26.4313, 8.46871, 50.8123, 96, 1395916418687434752
311, 29.8319, 46.2537, 44.9, 10, -16.4218, 18.4782, 110.869, 96, 1395916418687434752
312, 40.9113, 48.99, 44.9, 10, -8.07866, 26.8213, 160.928, 96, 1395916418687434752
313, 30.695, 48.99, 44.9, 22.8953, -18.295, 3.70969, 22.2581, 96, 1395916418687434752
314, 31.583, 48.99, 44.9, 10, -17.407, 17.493, 104.958, 96, 1395916418687434752
315, 31.583, 48.99, 44.9, 10, -17.407, 17.493, 104.958, 96, 1395916418687434752
316, 29.9493, 48.99, 44.9, 10, -19.0407, 15.8593, 95.1555, 96, 1395916418687434752
317, 29.8319, 48.99, 44.9, 18.7699, -19.1581, 6.972, 41.832, 96, 1395916418687434752
318, 40.6439, 48.99, 44.9, 10, -8.34615, 26.5539, 159.323, 96, 1395916418687434752
319, 40.7511, 48.99, 44.9, 10, -8.23894, 26.6611, 159.966, 96, 1395916418687434752
320, 31.583, 48.99, 58.191, 10, -17.407, 30.7839, 184.704, 96, 1395916418687434752
321, 31.583, 48.99, 44.9, 10, -17.407, 17.493, 104.958, 96, 1395916418687434752
322, 21.8286, 48.99, 44.9, 10, -27.1614, 7.73861, 46.4317, 96, 1395916418687434752
323, 23.7893, 48.99, 44.9, 10, -25.2007, 9.69928, 58.1957, 96, 1395916418687434752
324, 41.93, 48.99, 44.9, 10, -7.06, 27.84, 167.04, 96, 1395916418687434752
325, 40.7511, 48.99, 44.9, 18.7699, -8.23894, 17.8911, 107.347, 96, 1395916418687434752
326, 30.695, 49.1881, 44.9, 18.7699, -18.4931, 7.63699, 45.8219, 96, 1395916418687434752
327, 22.5587, 48.99, 44.9, 10, -26.4313, 8.46871, 50.8123, 96, 1395916418687434752
328, 31.583, 48.99, 44.9, 7.23277, -17.407, 20.2602, 121.561, 96, 1395916418687434752
329, 22.5587, 48.99, 26.9946, 10, -26.4313, -9.43668, -56.6201, 96, 1395916418687434752
330, 29.8319, 48.99, 44.9, 18.7699, -19.1581, 6.972, 41.832, 96, 1395916418687434752
331, 39.6053, 48.99, 44.9, 6.80791, -9.38472, 28.7074, 172.244, 96, 1395916418687434752
332, 39.6053, 48.99, 44.9, 12.8097, -9.38472, 22.7055, 136.233, 96, 1395916418687434752
333, 30.067, 48.99, 44.9, 10, -18.923, 15.977, 95.8623, 96, 1395916418687434752
334, 39.6053, 48.99, 44.9, 18.7699, -9.38472, 16.7454, 100.472, 96, 1395916418687434752
335, 30.695, 29.0728, 44.9, 12.2863, 1.62212, 34.2359, 205.415, 96, 1395916418687434752
336, 40.7511, 48.99, 44.9, 10, -8.23894, 26.6611, 159.966, 96, 1395916418687434752
337, 23.1204, 19.3323, 44.9, 10, 3.78814, 38.6881, 232.129, 96, 1395916418687434752
338, 41.93, 48.99, 44.9, 10, -7.06, 27.84, 167.04, 96, 1395916418687434752
339, 30.695, 48.99, 44.9, 10, -18.295, 16.605, 99.6298, 96, 1395916418687434752
340, 41.93, 48.99, 44.9, 10, -7.06, 27.84, 167.04, 96, 1395916418687434752
341, 57.5333, 48.99, 44.9, 18.7699, 8.54331, 34.6734, 208.04, 96, 1395916418687434752
342, 38.6431, 49.1881, 44.9, 18.7699, -10.545, 15.5851, 93.5107, 96, 1395916418687434752
343, 41.93, 48.99, 44.9, 10, -7.06, 27.84, 167.04, 96, 1395916418687434752
344, 30.8157, 54.6509, 27.076, 12.7725, -23.8353, -9.53167, -57.19, 96, 1395916418687434752
345, 29.8319, 48.99, 44.9, 18.7699, -19.1581, 6.972, 41.832, 96, 1395916418687434752
346, 31.583, 48.99, 44.9, 10, -17.407, 17.493, 104.958, 96, 1395916418687434752
347, 29.9493, 48.99, 44.9, 10, -19.0407, 15.8593, 95.1555, 96, 1395916418687434752
348, 30.8157, 48.99, 44.9, 5.3799, -18.1743, 21.3458, 128.075, 96, 1395916418687434752
349, 31.583, 48.99, 44.9, 22.6848, -17.407, 4.80817, 28.849, 96, 1395916418687434752
350, 30.695, 48.99, 44.9, 10, -18.295, 16.605, 99.6298, 96, 1395916418687434752
351, 45.7608, 48.99, 44.9, 10, -3.22922, 31.6708, 190.025, 96, 1395916418687434752
352, 22.5587, 48.99, 44.9, 10, -26.4313, 8.46871, 50.8123, 96, 1395916418687434752
353, 28.3569, 48.99, 44.9, 10, -20.6331, 14.2669, 85.6014, 96, 1395916418687434752
354, 41.93, 48.99, 44.9, 18.7699, -7.06, 19.0701, 114.42, 96, 1395916418687434752
355, 23.7893, 48.99, 44.9, 10, -25.2007, 9.69928, 58.1957, 96, 1395916418687434752
356, 30.695, 49.4778, 49.4174, 10, -18.7828, 20.6345, 123.807, 96, 1395916418687434752
357, 41.9516, 48.99, 44.9, 18.7699, -7.03844, 19.0916, 114.55, 96, 1395916418687434752
358, 41.93, 117.595, 60.8259, 10, -75.6651, -24.8392, -149.035, 96, 1395916418687434752
359, 30.695, 48.99, 44.9, 10, -18.295, 16.605, 99.6298, 96, 1395916418687434752
360, 22.4703, 48.99, 44.9, 10, -26.5197, 8.38034, 50.282, 96, 1395916418687434752
361, 18.5782, 48.99, 44.9, 10, -30.4118, 4.48817, 26.929, 96, 1395916418687434752
362, 23.2113, 48.99, 44.9, 10.9508, -25.7787, 8.17052, 49.0231, 96, 1395916418687434752
363, 30.8157, 48.99, 55.6968, 7.65054, -18.1743, 29.872, 179.232, 96, 1395916418687434752
364, 31.583, 48.99, 44.9, 10, -17.407, 17.493, 104.958, 96, 1395916418687434752
365, 45.9032, 48.99, 44.9, 10, -3.08676, 31.8132, 190.879, 96, 1395916418687434752
366, 30.695, 42.2033, 44.9, 18.7699, -11.5084, 14.6217, 87.7303, 96, 1395916418687434752
367, 30.695, 46.8863, 44.9, 10, -16.1913, 18.7087, 112.252, 96, 1395916418687434752
368, 29.8319, 48.99, 44.9, 5.94722, -19.1581, 19.7947, 118.768, 96, 1395916418687434752
369, 29.9493, 48.99, 44.9, 18.7699, -19.0407, 7.08933, 42.536, 96, 1395916418687434752
370, 31.4197, 48.99, 44.9, 9.80741, -17.5703, 17.5223, 105.134, 96, 1395916418687434752
371, 29.9493, 48.99, 44.9, 18.7699, -19.0407, 7.08933, 42.536, 96, 1395916418687434752
372, 22.4112, 48.99, 44.9, 10, -26.5788, 8.32122, 49.9273, 96, 1395916418687434752
373, 30.067, 48.99, 44.6654, 10, -18.923, 15.7424, 94.4545, 96, 1395916418687434752
374, 23.1204, 48.99, 44.9, 10, -25.8696, 9.03041, 54.1824, 96, 1395916418687434752
375, 22.4703, 48.99, 44.9, 10, -26.5197, 8.38034, 50.282, 96, 1395916418687434752
376, 23.2113, 48.99, 44.9, 10, -25.7787, 9.12134, 54.728, 96, 1395916418687434752
377, 39.6053, 48.99, 44.9, 18.7699, -9.38472, 16.7454, 100.472, 96, 1395916418687434752
378, 40.7511, 48.99, 37.0233, 10, -8.23894, 18.7844, 112.706, 96, 1395916418687434752
379, 71.1687, 48.99, 44.9, 10, 22.1787, 57.0787, 342.472, 96, 1395916418687434752
380, 19.9438, 48.99, 44.9, 10, -29.0462, 5.85382, 35.1229, 96, 1395916418687434752
381, 40.9113, 48.99, 44.9, 10, -8.07866, 26.8213, 160.928, 96, 1395916418687434752
382, 40.7511, 48.99, 44.9, 18.7699, -8.23894, 17.8911, 107.347, 96, 1395916418687434752
383, 23.7893, 48.99, 44.9, 10, -25.2007, 9.69928, 58.1957, 96, 1395916418687434752
384, 22.5587, 48.99, 44.9, 10, -26.4313, 8.46871, 50.8123, 96, 1395916418687434752
385, 40.7511, 48.99, 74.0152, 10, -8.23894, 55.7762, 334.657, 96, 1395916418687434752
386, 14.4489, 48.99, 44.9, 10, -34.5411, 0.358893, 2.15336, 96, 1395916418687434752
387, 22.6474, 48.99, 44.9, 10, -26.3426, 8.55744, 51.3446, 96, 1395916418687434752
388, 29.9493, 48.99, 26.6135, 10, -19.0407, -2.4272, -14.5632, 96, 1395916418687434752
389, 23.7893, 48.99, 44.9, 10, -25.2007, 9.69928, 58.1957, 96, 1395916418687434752
390, 30.695, 48.99, 44.9, 8.08336, -18.295, 18.5216, 111.13, 96, 1395916418687434752
391, 23.2113, 48.99, 44.9, 6.60933, -25.7787, 12.512, 75.072, 96, 1395916418687434752
392, 40.7511, 48.99, 44.9, 10, -8.23894, 26.6611, 159.966, 96, 1395916418687434752
393, 50.0568, 48.99, 39.1073, 10, 1.06676, 30.1741, 181.044, 96, 1395916418687434752
394, 30.8157, 48.99, 44.9, 10, -18.1743, 16.7257, 100.354, 96, 1395916418687434752
395, 23.2113, 48.99, 44.9, 10, -25.7787, 9.12134, 54.728, 96, 1395916418687434752
396, 30.695, 48.99, 53.3182, 18.7699, -18.295, 16.2532, 97.5193, 96, 1395916418687434752
397, 39.761, 48.99, 44.9, 10, -9.22895, 25.671, 154.026, 96, 1395916418687434752
398, 40.7511, 48.99, 44.9, 10, -8.23894, 26.6611, 159.966, 96, 1395916418687434752
399, 29.8319, 48.99, 44.9, 18.7699, -19.1581, 6.972, 41.832, 96, 1395916418687434752
400, 22.5587, 48.99, 90.3928, 10, -26.4313, 53.9615, 323.769, 96, 1395916418687434752
401, 39.9174, 48.99, 44.9, 10, -9.07257, 25.8274, 154.965, 96, 1395916418687434752
402, 57.7534, 48.99, 44.9, 10, 8.76343, 43.6634, 261.981, 96, 1395916418687434752
403, 29.8319, 48.99, 44.9, 18.7699, -19.1581, 6.972, 41.832, 96, 1395916418687434752
404, 41.93, 48.99, 44.9, 10, -7.06, 27.84, 167.04, 96, 1395916418687434752
405, 35.9231, 28.3587, 44.9, 8.18542, 7.56437, 44.279, 265.674, 96, 1395916418687434752
406, 30.695, 48.99, 44.9, 10, -18.295, 16.605, 99.6298, 96, 1395916418687434752
407, 22.5587, 48.99, 44.9, 10, -26.4313, 8.46871, 50.8123, 96, 1395916418687434752
408, 30.8157, 48.99, 44.9, 10, -18.1743, 16.7257, 100.354, 96, 1395916418687434752
409, 40.7511, 48.99, 44.9, 18.7699, -8.23894, 17.8911, 107.347, 96, 1395916418687434752
410, 46.6298, 48.99, 44.9, 10, -2.36025, 32.5398, 195.239, 96, 1395916418687434752
411, 29.8319, 48.99, 44.9, 10, -19.1581, 15.7419, 94.4516, 96, 1395916418687434752
412, 29.9493, 48.99, 44.9, 10, -19.0407, 15.8593, 95.1555, 96, 1395916418687434752
413, 29.9493, 48.99, 44.9, 10, -19.0407, 15.8593, 95.1555, 96, 1395916418687434752
414, 30.695, 48.99, 44.9, 33.6528, -18.295, -7.0478, -42.2868, 96, 1395916418687434752
415, 29.9493, 48.99, 95.7896, 10, -19.0407, 66.7489, 400.493, 96, 1395916418687434752
416, 23.1204, 48.99, 62.2225, 10, -25.8696, 26.3529, 158.117, 96, 1395916418687434752
417, 19.1428, 48.99, 44.9, 10, -29.8472, 5.05282, 30.3169, 96, 1395916418687434752
418, 29.9493, 48.99, 44.9, 18.7699, -19.0407, 7.08933, 42.536, 96, 1395916418687434752
419, 23.1204, 48.99, 44.9, 10, -25.8696, 9.03041, 54.1824, 96, 1395916418687434752
420, 30.695, 48.99, 50.2721, 10, -18.295, 21.9771, 131.863, 96, 1395916418687434752
421, 23.2113, 48.99, 44.9, 8.61902, -25.7787, 10.5023, 63.0139, 96, 1395916418687434752
422, 47.88, 48.99, 44.9, 10, -1.11002, 33.79, 202.74, 96, 1395916418687434752
423, 40.7511, 48.99, 34.0804, 10, -8.23894, 15.8415, 95.0491, 96, 1395916418687434752
424, 41.93, 30.452, 44.9, 10, 11.478, 46.378, 278.268, 96, 1395916418687434752
425, 23.2113, 48.99, 44.9, 10, -25.7787, 9.12134, 54.728, 96, 1395916418687434752
426, 22.9327, 48.99, 44.9, 18.7699, -26.0573, 0.0728188, 0.436913, 96, 1395916418687434752
427, 22.4703, 48.99, 44.9, 10, -26.5197, 8.38034, 50.282, 96, 1395916418687434752
428, 30.8157, 48.99, 44.9, 10, -18.1743, 16.7257, 100.354, 96, 1395916418687434752
429, 39.761, 48.99, 73.6408, 10, -9.22895, 54.4118, 326.471, 96, 1395916418687434752
430, 25.4692, 48.99, 44.9, 10, -23.5208, 11.3792, 68.2751, 96, 1395916418687434752
431, 34.6263, 48.99, 44.9, 10, -14.3637, 20.5363, 123.218, 96, 1395916418687434752
432, 41.93, 27.5422, 44.9, 10, 14.3878, 49.2878, 295.727, 96, 1395916418687434752
433, 30.8157, 52.0978, 44.9, 10, -21.2821, 13.6179, 81.7072, 96, 1395916418687434752
434, 29.8319, 48.99, 44.9, 10, -19.1581, 15.7419, 94.4516, 96, 1395916418687434752
435, 22.5587, 48.99, 59.5114, 10, -26.4313, 23.0801, 138.481, 96, 1395916418687434752
436, 23.1204, 48.99, 17.1635, 10, -25.8696, -18.7061, -112.236, 96, 1395916418687434752
437, 30.8157, 48.99, 44.9, 10, -18.1743, 16.7257, 100.354, 96, 1395916418687434752
438, 39.761, 48.99, 44.9, 6.97094, -9.22895, 28.7001, 172.201, 96, 1395916418687434752
439, 30.695, 48.99, 45.8427, 10, -18.295, 17.5477, 105.286, 96, 1395916418687434752
440, 39.6053, 48.99, 44.9, 18.7699, -9.38472, 16.7454, 100.472, 96, 1395916418687434752
441, 29.8319, 48.99, 44.9, 18.7699, -19.1581, 6.972, 41.832, 96, 1395916418687434752
442, 41.93, 48.99, 44.9, 10, -7.06, 27.84, 167.04, 96, 1395916418687434752
443, 30.695, 48.99, 44.9, 10, -18.295, 16.605, 99.6298, 96, 1395916418687434752
444, 33.2892, 48.99, 44.9, 7.23147, -15.7008, 21.9678, 131.807, 96, 1395916418687434752
445, 29.9493, 48.99, 44.9, 10, -19.0407, 15.8593, 95.1555, 96, 1395916418687434752
446, 31.583, 48.99, 44.9, 10, -17.407, 17.493, 104.958, 96, 1395916418687434752
447, 40.9113, 48.99, 44.9, 18.7699, -8.07866, 18.0514, 108.308, 96, 1395916418687434752
448, 30.695, 48.99, 44.9, 10, -18.295, 16.605, 99.6298, 96, 1395916418687434752
449, 27.2758, 48.99, 44.9, 10, -21.7142, 13.1858, 79.1151, 96, 1395916418687434752
450, 30.695, 48.99, 44.9, 9.80741, -18.295, 16.7976, 100.785, 96, 1395916418687434752
451, 37.1737, 48.99, 44.9, 10, -11.8163, 23.0837, 138.502, 96, 1395916418687434752
452, 30.695, 48.99, 44.9, 10, -18.295, 16.605, 99.6298, 96, 1395916418687434752
453, 30.8157, 48.99, 44.9, 10, -18.1743, 16.7257, 100.354, 96, 1395916418687434752
454, 30.0464, 82.4123, 44.9, 10, -52.3659, -17.4659, -104.795, 96, 1395916418687434752
455, 40.7511, 48.99, 44.9, 18.7699, -8.23894, 17.8911, 107.347, 96, 1395916418687434752
456, 39.761, 48.99, 44.9, 10, -9.22895, 25.671, 154.026, 96, 1395916418687434752
457, 30.8157, 48.99, 44.9, 10, -18.1743, 16.7257, 100.354, 96, 1395916418687434752
458, 22.6474, 48.99, 44.9, 10, -26.3426, 8.55744, 51.3446, 96, 1395916418687434752
459, 30.8157, 48.99, 45.8427, 10, -18.1743, 17.6684, 106.011, 96, 1395916418687434752
460, 40.9113, 48.99, 44.9, 10, -8.07866, 26.8213, 160.928, 96, 1395916418687434752
461, 76.7273, 48.99, 44.9, 10, 27.7373, 62.6373, 375.824, 96, 1395916418687434752
462, 30.8157, 48.99, 45.8427, 10, -18.1743, 17.6684, 106.011, 96, 1395916418687434752
463, 40.9113, 49.1881, 44.9, 10, -8.27672, 26.6233, 159.74, 96, 1395916418687434752
464, 35.6675, 48.99, 44.9, 10, -13.3225, 21.5775, 129.465, 96, 1395916418687434752
465, 40.7511, 48.99, 44.6654, 18.7699, -8.23894, 17.6565, 105.939, 96, 1395916418687434752
466, 31.583, 48.99, 44.9, 10, -17.407, 17.493, 104.958, 96, 1395916418687434752
467, 41.93, 48.99, 44.9, 10, -7.06, 27.84, 167.04, 96, 1395916418687434752
468, 29.8319, 48.99, 44.9, 18.7699, -19.1581, 6.972, 41.832, 96, 1395916418687434752
469, 30.8157, 48.99, 44.9, 10, -18.1743, 16.7257, 100.354, 96, 1395916418687434752
470, 30.695, 48.99, 44.9, 18.7699, -18.295, 7.83505, 47.0103, 96, 1395916418687434752
471, 29.9493, 48.99, 53.1055, 10, -19.0407, 24.0648, 144.389, 96, 1395916418687434752
472, 39.9174, 48.99, 27.2332, 10, -9.07257, 8.16066, 48.9639, 96, 1395916418687434752
473, 39.6053, 48.99, 44.9, 10, -9.38472, 25.5153, 153.092, 96, 1395916418687434752
474, 40.9113, 48.99, 44.9, 12.1776, -8.07866, 24.6438, 147.863, 96, 1395916418687434752
475, 40.7511, 38.2587, 44.9, 9.71372, 2.49233, 37.6786, 226.072, 96, 1395916418687434752
476, 39.6053, 48.99, 44.9, 18.7699, -9.38472, 16.7454, 100.472, 96, 1395916418687434752
477, 22.5587, 48.99, 37.6494, 10, -26.4313, 1.21809, 7.30857, 96, 1395916418687434752
478, 31.583, 48.99, 44.9, 10, -17.407, 17.493, 104.958, 96, 1395916418687434752
479, 23.7893, 48.99, 44.9, 10, -25.2007, 9.69928, 58.1957, 96, 1395916418687434752
480, 23.7893, 48.99, 44.9, 10, -25.2007, 9.69928, 58.1957, 96, 1395916418687434752
481, 74.0666, 48.99, 44.9, 10, 25.0766, 59.9766, 359.86, 96, 1395916418687434752
482, 30.8157, 48.99, 44.9, 10, -18.1743, 16.7257, 100.354, 96, 1395916418687434752
483, 29.8319, 60.908, 44.9, 10, -31.076, 3.82397, 22.9438, 96, 1395916418687434752
484, 31.583, 48.99, 44.9, 10, -17.407, 17.493, 104.958, 96, 1395916418687434752
485, 30.695, 48.99, 44.9, 10, -18.295, 16.605, 99.6298, 96, 1395916418687434752
486, 23.2113, 48.99, 30.0835, 10, -25.7787, -5.69518, -34.1711, 96, 1395916418687434752
487, 30.5728, 48.99, 44.9, 10, -18.4172, 16.4828, 98.8968, 96, 1395916418687434752
488, 23.7893, 48.99, 115.347, 10, -25.2007, 80.1463, 480.878, 96, 1395916418687434752
489, 38.9236, 75.0744, 44.9, 10, -36.1508, -1.25081, -7.50488, 96, 1395916418687434752
490, 41.93, 48.99, 44.9, 10, -7.06, 27.84, 167.04, 96, 1395916418687434752
491, 41.93, 48.99, 41.4793, 10, -7.06, 24.4193, 146.516, 96, 1395916418687434752
492, 18.7313, 48.99, 28.8218, 10, -30.2587, -11.4368, -68.621, 96, 1395916418687434752
493, 30.695, 48.99, 27.2332, 10, -18.295, -1.0618, -6.37082, 96, 1395916418687434752
494, 40.7511, 48.99, 44.9, 10, -8.23894, 26.6611, 159.966, 96, 1395916418687434752
495, 31.583, 48.99, 44.9, 10, -17.407, 17.493, 104.958, 96, 1395916418687434752
496, 23.1204, 48.99, 44.9, 10, -25.8696, 9.03041, 54.1824, 96, 1395916418687434752
497, 29.9493, 48.99, 44.9, 13.3451, -19.0407, 12.5142, 75.085, 96, 1395916418687434752
498, 30.695, 48.99, 44.9, 10, -18.295, 16.605, 99.6298, 96, 1395916418687434752
499, 40.7511, 48.99, 44.9, 10, -8.23894, 26.6611, 159.966, 96, 1395916418687434752
500, 30.695, 48.99, 44.9, 10, -18.295, 16.605, 99.6298, 96, 1395916418687434752
501, 23.2113, 48.99, 44.9, 10, -25.7787, 9.12134, 54.728, 96, 1395916418687434752
502, 40.7511, 48.99, 44.9, 18.7699, -8.23894, 17.8911, 107.347, 96, 1395916418687434752
503, 22.4112, 42.798, 44.9, 10, -20.3868, 14.5132, 87.0791, 96, 1395916418687434752
504, 18.4526, 48.99, 44.9, 10, -30.5374, 4.3626, 26.1756, 96, 1395916418687434752
505, 30.8157, 48.99, 44.9, 12.4134, -18.1743, 14.3123, 85.8738, 96, 1395916418687434752
506, 29.8319, 48.99, 44.9, 12.3816, -19.1581, 13.3603, 80.1619, 96, 1395916418687434752
507, 39.6053, 48.99, 44.9, 10, -9.38472, 25.5153, 153.092, 96, 1395916418687434752
508, 30.695, 48.99, 47.4798, 18.7699, -18.295, 10.4149, 62.4892, 96, 1395916418687434752
509, 30.695, 48.99, 44.9, 18.7699, -18.295, 7.83505, 47.0103, 96, 1395916418687434752
510, 40.7511, 48.99, 44.9, 18.7699, -8.23894, 17.8911, 107.347, 96, 1395916418687434752
511, 30.8157, 48.99, 44.9, 10, -18.1743, 16.7257, 100.354, 96, 1395916418687434752
512, 39.761, 48.99, 44.9, 10, -9.22895, 25.671, 154.026, 96, 1395916418687434752
513, 25.5106, 48.99, 44.9, 18.7699, -23.4794, 2.65065, 15.9039, 96, 1395916418687434752
514, 41.0802, 48.99, 51.2627, 18.7699, -7.90975, 24.583, 147.498, 96, 1395916418687434752
515, 30.8157, 48.99, 44.9, 10, -18.1743, 16.7257, 100.354, 96, 1395916418687434752
516, 40.9113, 48.99, 44.9, 10, -8.07866, 26.8213, 160.928, 96, 1395916418687434752
517, 31.8361, 48.99, 44.9, 10, -17.1539, 17.7461, 106.476, 96, 1395916418687434752
518, 29.9493, 54.1972, 44.9, 10, -24.2479, 10.6521, 63.9125, 96, 1395916418687434752
519, 22.5587, 104.935, 44.9, 10, -82.3764, -47.4764, -284.858, 96, 1395916418687434752
520, 30.8157, 48.99, 74.0276, 10, -18.1743, 45.8533, 275.12, 96, 1395916418687434752
521, 30.8157, 48.99, 44.9, 10, -18.1743, 16.7257, 100.354, 96, 1395916418687434752
522, 39.6053, 48.99, 44.9, 10, -9.38472, 25.5153, 153.092, 96, 1395916418687434752
523, 22.4703, 48.99, 44.9, 10, -26.5197, 8.38034, 50.282, 96, 1395916418687434752
524, 41.6008, 48.99, 44.9, 10, -7.38918, 27.5108, 165.065, 96, 1395916418687434752
525, 30.695, 48.99, 44.9, 10, -18.295, 16.605, 99.6298, 96, 1395916418687434752
526, 22.6474, 48.99, 44.9, 10, -26.3426, 8.55744, 51.3446, 96, 1395916418687434752
527, 23.1071, 48.99, 44.9, 10, -25.8829, 9.01712, 54.1027, 96, 1395916418687434752
528, 39.761, 48.99, 44.9, 10, -9.22895, 25.671, 154.026, 96, 1395916418687434752
529, 41.93, 48.99, 44.9, 10, -7.06, 27.84, 167.04, 96, 1395916418687434752
530, 17.6806, 48.99, 44.9, 10, -31.3094, 3.59058, 21.5435, 96, 1395916418687434752
531, 30.695, 48.99, 44.9, 10, -18.295, 16.605, 99.6298, 96, 1395916418687434752
532, 30.8157, 48.99, 44.9, 10.9508, -18.1743, 15.7749, 94.6493, 96, 1395916418687434752
533, 30.695, 48.99, 44.9, 10, -18.295, 16.605, 99.6298, 96, 1395916418687434752
534, 32.3587, 48.99, 44.9, 10, -16.6313, 18.2687, 109.612, 96, 1395916418687434752
535, 23.2113, 48.99, 44.9, 10, -25.7787, 9.12134, 54.728, 96, 1395916418687434752
536, 31.583, 48.99, 44.9, 10, -17.407, 17.493, 104.958, 96, 1395916418687434752
537, 23.1204, 82.8726, 44.9, 10, -59.7522, -24.8522, -149.113, 96, 1395916418687434752
538, 31.583, 48.99, 45.8427, 10, -17.407, 18.4357, 110.614, 96, 1395916418687434752
539, 39.761, 49.1881, 44.9, 10, -9.42701, 25.473, 152.838, 96, 1395916418687434752
540, 40.7511, 48.99, 44.9, 10, -8.23894, 26.6611, 159.966, 96, 1395916418687434752
541, 40.9113, 48.99, 44.9, 18.7699, -8.07866, 18.0514, 108.308, 96, 1395916418687434752
542, 40.9113, 48.99, 30.8754, 10, -8.07866, 12.7967, 76.7802, 96, 1395916418687434752
543, 30.695, 48.99, 44.9, 10, -18.295, 16.605, 99.6298, 96, 1395916418687434752
544, 12.4685, 119.164, 44.9, 10, -106.695, -71.795, -430.77, 96, 1395916418687434752
545, 29.9493, 49.1881, 44.9, 10, -19.2388, 15.6612, 93.9672, 96, 1395916418687434752
546, 51.6366, 48.99, 44.9, 18.7699, 2.64663, 28.7767, 172.66, 96, 1395916418687434752
547, 30.695, 48.99, 49.3655, 20.854, -18.295, 10.2164, 61.2985, 96, 1395916418687434752
548, 39.6053, 48.99, 44.9, 17.9623, -9.38472, 17.553, 105.318, 96, 1395916418687434752
549, 30.695, 48.99, 44.9, 10, -18.295, 16.605, 99.6298, 96, 1395916418687434752
550, 40.9113, 77.7583, 44.9, 10, -36.847, -1.947, -11.682, 96, 1395916418687434752
551, 40.7511, 48.99, 44.9, 10, -8.23894, 26.6611, 159.966, 96, 1395916418687434752
552, 29.9493, 51.8455, 44.9, 10.1044, -21.8962, 12.8994, 77.3961, 96, 1395916418687434752
553, 23.1204, 48.99, 32.8145, 10, -25.8696, -3.05511, -18.3306, 96, 1395916418687434752
554, 23.7893, 48.99, 44.9, 3.85823, -25.2007, 15.8411, 95.0463, 96, 1395916418687434752
555, 65.2981, 48.99, 44.9, 10, 16.3081, 51.2081, 307.248, 96, 1395916418687434752
556, 24.3708, 48.99, 35.9217, 10, -24.6192, 1.30254, 7.81525, 96, 1395916418687434752
557, 23.2113, 48.99, 112.222, 10.8467, -25.7787, 75.5971, 453.583, 96, 1395916418687434752
558, 40.7511, 30.4726, 44.9, 10, 10.2784, 45.1784, 271.07, 96, 1395916418687434752
559, 29.8319, 48.99, 44.9, 10, -19.1581, 15.7419, 94.4516, 96, 1395916418687434752
560, 9.03796, 68.1288, 44.9, 12.5611, -59.0909, -26.752, -160.512, 96, 1395916418687434752
561, 39.6053, 24.502, 44.9, 35.231, 15.1033, 24.7723, 148.634, 96, 1395916418687434752
562, 40.9113, 48.99, 44.9, 10, -8.07866, 26.8213, 160.928, 96, 1395916418687434752
563, 29.9493, 35.0514, 44.9, 10, -5.1021, 29.7979, 178.787, 96, 1395916418687434752
564, 39.6053, 48.99, 44.9, 10, -9.38472, 25.5153, 153.092, 96, 1395916418687434752
565, 31.583, 48.99, 44.9, 10, -17.407, 17.493, 104.958, 96, 1395916418687434752
566, 41.93, 48.99, 44.9, 10, -7.06, 27.84, 167.04, 96, 1395916418687434752
567, 29.8319, 48.99, 44.9, 10, -19.1581, 15.7419, 94.4516, 96, 1395916418687434752
568, 40.9113, 48.99, 44.9, 10, -8.07866, 26.8213, 160.928, 96, 1395916418687434752
569, 22.4703, 48.99, 44.9, 10, -26.5197, 8.38034, 50.282, 96, 1395916418687434752
570, 29.8319, 130.994, 75.4262, 10, -101.162, -35.7361, -214.417, 96, 1395916418687434752
571, 31.583, 48.99, 44.9, 10, -17.407, 17.493, 104.958, 96, 1395916418687434752
572, 40.7511, 48.99, 44.9, 10, -8.23894, 26.6611, 159.966, 96, 1395916418687434752
573, 30.695, 48.99, 44.9, 10, -18.295, 16.605, 99.6298, 96, 1395916418687434752
574, 38.6645, 48.99, 44.9, 23.5449, -10.3255, 11.0296, 66.1773, 96, 1395916418687434752
575, 23.7893, 48.99, 44.9, 10, -25.2007, 9.69928, 58.1957, 96, 1395916418687434752
576, 28.807, 28.5541, 44.9, 18.7699, 0.252889, 26.383, 158.298, 96, 1395916418687434752
577, 40.7511, 48.99, 44.9, 10, -8.23894, 26.6611, 159.966, 96, 1395916418687434752
578, 30.695, 48.99, 44.9, 10, -18.295, 16.605, 99.6298, 96, 1395916418687434752
579, 39.761, 48.99, 45.8427, 10, -9.22895, 26.6138, 159.683, 96, 1395916418687434752
580, 31.583, 48.99, 44.9, 10, -17.407, 17.493, 104.958, 96, 1395916418687434752
581, 56.2695, 24.2532, 44.9, 10, 32.0163, 66.9163, 401.498, 96, 1395916418687434752
582, 23.7893, 48.99, 44.9, 10, -25.2007, 9.69928, 58.1957, 96, 1395916418687434752
583, 16.5642, 48.99, 44.9, 10, -32.4258, 2.47415, 14.8449, 96, 1395916418687434752
584, 31.8033, 48.99, 44.9, 18.4084, -17.1867, 9.30488, 55.8293, 96, 1395916418687434752
585, 31.583, 48.99, 44.9, 10, -17.407, 17.493, 104.958, 96, 1395916418687434752
586, 30.695, 62.0247, 44.9, 10, -31.3298, 3.57024, 21.4214, 96, 1395916418687434752
587, 30.695, 48.99, 44.9, 10, -18.295, 16.605, 99.6298, 96, 1395916418687434752
588, 39.761, 48.99, 44.9, 10, -9.22895, 25.671, 154.026, 96, 1395916418687434752
589, 41.93, 48.99, 44.9, 10, -7.06, 27.84, 167.04, 96, 1395916418687434752
590, 29.9493, 48.99, 44.9, 10, -19.0407, 15.8593, 95.1555, 96, 1395916418687434752
591, 30.8157, 48.99, 44.9, 10, -18.1743, 16.7257, 100.354, 96, 1395916418687434752
592, 39.761, 48.99, 44.9, 10, -9.22895, 25.671, 154.026, 96, 1395916418687434752
593, 22.4703, 40.7444, 94.9386, 10, -18.2741, 66.6645, 399.987, 96, 1395916418687434752
594, 61.4231, 48.99, 44.9, 7.75696, 12.4331, 49.5762, 297.457, 96, 1395916418687434752
595, 39.761, 48.99, 44.9, 18.7699, -9.22895, 16.9011, 101.407, 96, 1395916418687434752
596, 39.6053, 48.99, 44.9, 9.80741, -9.38472, 25.7079, 154.247, 96, 1395916418687434752
597, 30.695, 48.99, 81.2872, 10, -18.295, 52.9921, 317.953, 96, 1395916418687434752
598, 40.7511, 48.99, 44.9, 10, -8.23894, 26.6611, 159.966, 96, 1395916418687434752
599, 39.6053, 48.99, 44.9, 21.201, -9.38472, 14.3143, 85.8858, 96, 1395916418687434752
600, 40.7511, 48.99, 44.9, 10, -8.23894, 26.6611, 159.966, 96, 1395916418687434752
601, 43.3399, 48.99, 44.9, 8.95627, -5.65011, 30.2936, 181.762, 96, 1395916418687434752
602, 23.7893, 48.99, 44.9, 10, -25.2007, 9.69928, 58.1957, 96, 1395916418687434752
603, 29.8319, 48.99, 44.9, 10, -19.1581, 15.7419, 94.4516, 96, 1395916418687434752
604, 29.9493, 48.99, 44.9, 18.7699, -19.0407, 7.08933, 42.536, 96, 1395916418687434752
605, 39.6053, 48.99, 44.9, 10, -9.38472, 25.5153, 153.092, 96, 1395916418687434752
606, 31.583, 48.99, 44.9, 11.0142, -17.407, 16.4788, 98.8728, 96, 1395916418687434752
607, 30.695, 48.99, 44.9, 10, -18.295, 16.605, 99.6298, 96, 1395916418687434752
608, 40.9113, 164.596, 83.4533, 10, -123.684, -50.2308, -301.385, 96, 1395916418687434752
609, 29.8319, 48.99, 44.9, 18.7699, -19.1581, 6.972, 41.832, 96, 1395916418687434752
610, 30.695, 48.99, 44.9, 10, -18.295, 16.605, 99.6298, 96, 1395916418687434752
611, 23.7893, 48.99, 44.9, 10, -25.2007, 9.69928, 58.1957, 96, 1395916418687434752
612, 30.8157, 48.99, 44.9, 10, -18.1743, 16.7257, 100.354, 96, 1395916418687434752
613, 23.7893, 48.99, 44.9, 10, -25.2007, 9.69928, 58.1957, 96, 1395916418687434752
614, 30.695, 48.99, 44.9, 18.7699, -18.295, 7.83505, 47.0103, 96, 1395916418687434752
615, 39.6053, 50.351, 44.9, 35.231, -10.7457, -1.07674, -6.46041, 96, 1395916418687434752
616, 30.695, 81.3869, 44.9, 10, -50.692, -15.792, -94.7518, 96, 1395916418687434752
617, 30.695, 48.99, 44.9, 10, -18.295, 16.605, 99.6298, 96, 1395916418687434752
618, 29.8319, 48.99, 44.9, 10, -19.1581, 15.7419, 94.4516, 96, 1395916418687434752
619, 23.2113, 48.99, 44.9, 10, -25.7787, 9.12134, 54.728, 96, 1395916418687434752
620, 34.1983, 48.99, 44.9, 18.7699, -14.7917, 11.3383, 68.03, 96, 1395916418687434752
621, 39.6053, 48.99, 44.9, 18.7699, -9.38472, 16.7454, 100.472, 96, 1395916418687434752
622, 36.2725, 48.99, 44.9, 10, -12.7175, 22.1825, 133.095, 96, 1395916418687434752
623, 30.8157, 48.99, 44.9, 10, -18.1743, 16.7257, 100.354, 96, 1395916418687434752
624, 30.695, 48.99, 44.9, 10, -18.295, 16.605, 99.6298, 96, 1395916418687434752
625, 21.5896, 48.99, 44.9, 10, -27.4004, 7.49963, 44.9978, 96, 1395916418687434752
626, 23.2113, 48.99, 44.9, 10, -25.7787, 9.12134, 54.728, 96, 1395916418687434752
627, 40.4311, 48.99, 44.9, 10, -8.55886, 26.3411, 158.047, 96, 1395916418687434752
628, 31.583, 48.99, 44.9, 10, -17.407, 17.493, 104.958, 96, 1395916418687434752
629, 40.7511, 48.99, 62.7511, 10, -8.23894, 44.5122, 267.073, 96, 1395916418687434752
630, 30.695, 48.99, 44.9, 9.80741, -18.295, 16.7976, 100.785, 96, 1395916418687434752
631, 43.9352, 48.99, 44.9, 10, -5.05482, 29.8452, 179.071, 96, 1395916418687434752
632, 29.9493, 48.99, 44.9, 10, -19.0407, 15.8593, 95.1555, 96, 1395916418687434752
633, 22.4703, 48.99, 44.9, 10, -26.5197, 8.38034, 50.282, 96, 1395916418687434752
634, 26.3095, 48.99, 44.9, 10, -22.6805, 12.2195, 73.3172, 96, 1395916418687434752
635, 30.695, 48.99, 26.0581, 10, -18.295, -2.2369, -13.4214, 96, 1395916418687434752
636, 29.9493, 48.99, 44.9, 10, -19.0407, 15.8593, 95.1555, 96, 1395916418687434752
637, 29.9493, 49.1881, 44.9, 18.7699, -19.2388, 6.89128, 41.3477, 96, 1395916418687434752
638, 21.8354, 48.99, 44.9, 10, -27.1546, 7.74544, 46.4726, 96, 1395916418687434752
639, 22.4703, 48.99, 44.9, 10, -26.5197, 8.38034, 50.282, 96, 1395916418687434752
640, 28.193, 48.99, 44.9, 18.7699, -20.797, 5.33304, 31.9982, 96, 1395916418687434752
641, 16.8114, 48.99, 44.9, 10, -32.1786, 2.72137, 16.3282, 96, 1395916418687434752
642, 39.6564, 48.99, 44.9, 18.7699, -9.33356, 16.7965, 100.779, 96, 1395916418687434752
643, 41.93, 48.99, 44.9, 10, -7.06, 27.84, 167.04, 96, 1395916418687434752
644, 40.7511, 48.99, 44.9, 10, -8.23894, 26.6611, 159.966, 96, 1395916418687434752
645, 29.8319, 48.99, 44.9, 10, -19.1581, 15.7419, 94.4516, 96, 1395916418687434752
646, 30.695, 48.99, 40.6397, 10, -18.295, 12.3446, 74.0678, 96, 1395916418687434752
647, 52.7247, 48.99, 44.9, 10.9508, 3.7347, 37.6839, 226.103, 96, 1395916418687434752
648, 23.1204, 48.99, 19.3624, 10, -25.8696, -16.5072, -99.0431, 96, 1395916418687434752
649, 91.0644, 48.99, 44.9, 10, 42.0744, 76.9744, 461.847, 96, 1395916418687434752
650, 30.067, 48.99, 44.9, 10, -18.923, 15.977, 95.8623, 96, 1395916418687434752
651, 23.1204, 48.99, 44.9, 10, -25.8696, 9.03041, 54.1824, 96, 1395916418687434752
652, 23.1204, 48.99, 44.9, 10, -25.8696, 9.03041, 54.1824, 96, 1395916418687434752
653, 31.583, 48.99, 44.9, 10, -17.407, 17.493, 104.958, 96, 1395916418687434752
654, 23.7893, 48.99, 44.9, 10, -25.2007, 9.69928, 58.1957, 96, 1395916418687434752
655, 39.761, 48.99, 44.9, 10, -9.22895, 25.671, 154.026, 96, 1395916418687434752
656, 29.9493, 48.99, 70.1768, 10, -19.0407, 41.136, 246.816, 96, 1395916418687434752
657, 31.583, 48.99, 44.9, 10, -17.407, 17.493, 104.958, 96, 1395916418687434752
658, 35.0018, 48.99, 44.9, 10, -13.9882, 20.9118, 125.471, 96, 1395916418687434752
659, 30.695, 48.99, 44.9, 10, -18.295, 16.605, 99.6298, 96, 1395916418687434752
660, 40.7511, 48.99, 44.9, 10, -8.23894, 26.6611, 159.966, 96, 1395916418687434752
661, 14.2568, 48.99, 44.9, 10, -34.7332, 0.166786, 1.00072, 96, 1395916418687434752
662, 40.9113, 48.99, 44.9, 10, -8.07866, 26.8213, 160.928, 96, 1395916418687434752
663, 22.6474, 20.9698, 44.9, 6.13073, 1.67766, 40.4469, 242.682, 96, 1395916418687434752
664, 31.583, 48.99, 44.9, 10, -17.407, 17.493, 104.958, 96, 1395916418687434752
665, 22.5587, 23.1739, 44.9, 10, -0.615203, 34.2848, 205.709, 96, 1395916418687434752
666, 22.5587, 48.99, 44.9, 10, -26.4313, 8.46871, 50.8123, 96, 1395916418687434752
667, 40.9113, 48.99, 44.9, 10, -8.07866, 26.8213, 160.928, 96, 1395916418687434752
668, 23.2113, 48.99, 29.9958, 10, -25.7787, -5.78289, -34.6973, 96, 1395916418687434752
669, 30.695, 48.99, 44.9, 10, -18.295, 16.605, 99.6298, 96, 1395916418687434752
670, 40.7511, 69.1078, 44.9, 18.0499, -28.3568, -1.50668, -9.0401, 96, 1395916418687434752
671, 30.695, 48.99, 44.9, 10, -18.295, 16.605, 99.6298, 96, 1395916418687434752
672, 29.9493, 51.18, 45.8427, 10, -21.2308, 14.612, 87.6718, 96, 1395916418687434752
673, 39.6053, 48.99, 44.9, 18.7699, -9.38472, 16.7454, 100.472, 96, 1395916418687434752
674, 41.93, 48.99, 44.9, 10, -7.06, 27.84, 167.04, 96, 1395916418687434752
675, 23.1204, 48.99, 44.9, 10, -25.8696, 9.03041, 54.1824, 96, 1395916418687434752
676, 29.9493, 64.0493, 44.9, 10, -34.1, 0.79999, 4.79994, 96, 1395916418687434752
677, 37.9657, 48.99, 44.9, 35.231, -11.0243, -1.3553, -8.13178, 96, 1395916418687434752
678, 40.7511, 48.99, 44.9, 18.7699, -8.23894, 17.8911, 107.347, 96, 1395916418687434752
679, 29.8319, 48.99, 44.9, 10, -19.1581, 15.7419, 94.4516, 96, 1395916418687434752
680, 23.2113, 48.99, 44.9, 10, -25.7787, 9.12134, 54.728, 96, 1395916418687434752
681, 30.695, 48.99, 44.9, 10, -18.295, 16.605, 99.6298, 96, 1395916418687434752
682, 39.761, 48.99, 71.4178, 35.231, -9.22895, 26.9578, 161.747, 96, 1395916418687434752
683, 23.2113, 48.99, 44.9, 10, -25.7787, 9.12134, 54.728, 96, 1395916418687434752
684, 39.6053, 49.1347, 44.9, 8.35466, -9.52939, 27.016, 162.096, 96, 1395916418687434752
685, 30.695, 48.99, 44.9, 10, -18.295, 16.605, 99.6298, 96, 1395916418687434752
686, 29.635, 48.99, 44.9, 10, -19.355, 15.545, 93.2702, 96, 1395916418687434752
687, 30.695, 48.99, 44.9, 10, -18.295, 16.605, 99.6298, 96, 1395916418687434752
688, 40.7511, 48.99, 86.2933, 10, -8.23894, 68.0544, 408.326, 96, 1395916418687434752
689, 30.8157, 48.99, 44.9, 10, -18.1743, 16.7257, 100.354, 96, 1395916418687434752
690, 30.8157, 48.99, 44.9, 10, -18.1743, 16.7257, 100.354, 96, 1395916418687434752
691, 23.1204, 48.99, 44.9, 10, -25.8696, 9.03041, 54.1824, 96, 1395916418687434752
692, 40.7511, 48.99, 44.9, 10, -8.23894, 26.6611, 159.966, 96, 1395916418687434752
693, 29.8319, 48.99, 44.9, 8.41897, -19.1581, 17.323, 103.938, 96, 1395916418687434752
694, 62.4816, 67.1415, 44.9, 9.81937, -4.6599, 30.4207, 182.524, 96, 1395916418687434752
695, 29.9493, 48.99, 22.2175, 10, -19.0407, -6.82322, -40.9393, 96, 1395916418687434752
696, 30.695, 48.99, 44.9, 8.97404, -18.295, 17.6309, 105.786, 96, 1395916418687434752
697, 12.2666, 48.99, 62.5289, 10, -36.7234, 15.8055, 94.8331, 96, 1395916418687434752
698, 40.7511, 48.99, 44.9, 10, -8.23894, 26.6611, 159.966, 96, 1395916418687434752
699, 30.8157, 48.99, 44.9, 10, -18.1743, 16.7257, 100.354, 96, 1395916418687434752
700, 29.9493, 49.1881, 48.3836, 10, -19.2388, 19.1448, 114.869, 96, 1395916418687434752
701, 39.2943, 48.99, 44.9, 10, -9.69565, 25.2043, 151.226, 96, 1395916418687434752
702, 39.761, 58.6662, 44.9, 18.7699, -18.9051, 7.22496, 43.3497, 96, 1395916418687434752
703, 30.6694, 58.1551, 44.9, 10, -27.4857, 7.41426, 44.4856, 96, 1395916418687434752
704, 23.2113, 48.99, 46.0986, 10, -25.7787, 10.32, 61.9197, 96, 1395916418687434752
705, 30.695, 48.99, 44.9, 10, -18.295, 16.605, 99.6298, 96, 1395916418687434752
706, 30.8157, 48.99, 44.9, 10, -18.1743, 16.7257, 100.354, 96, 1395916418687434752
707, 30.067, 48.99, 44.9, 10, -18.923, 15.977, 95.8623, 96, 1395916418687434752
708, 23.1204, 48.99, 44.9, 10, -25.8696, 9.03041, 54.1824, 96, 1395916418687434752
709, 31.583, 46.0933, 44.9, 10, -14.5103, 20.3897, 122.338, 96, 1395916418687434752
710, 26.5678, 48.99, 44.9, 10, -22.4222, 12.4778, 74.8671, 96, 1395916418687434752
711, 29.8319, 48.99, 44.9, 10.2308, -19.1581, 15.5111, 93.0667, 96, 1395916418687434752
712, 31.583, 57.4246, 44.9, 10, -25.8416, 9.05839, 54.3503, 96, 1395916418687434752
713, 30.067, 48.99, 44.9, 10, -18.923, 15.977, 95.8623, 96, 1395916418687434752
714, 41.93, 48.99, 44.9, 10, -7.06, 27.84, 167.04, 96, 1395916418687434752
715, 23.1204, 48.99, 44.9, 10, -25.8696, 9.03041, 54.1824, 96, 1395916418687434752
716, 39.6053, 126.183, 44.9, 15.0391, -86.5782, -56.7173, -340.304, 96, 1395916418687434752
717, 30.8157, 48.99, 44.9, 10, -18.1743, 16.7257, 100.354, 96, 1395916418687434752
718, 39.761, 48.99, 44.9, 10, -9.22895, 25.671, 154.026, 96, 1395916418687434752
719, 56.292, 48.99, 44.9, 10, 7.30197, 42.202, 253.212, 96, 1395916418687434752
720, 40.9113, 48.99, 44.9, 10, -8.07866, 26.8213, 160.928, 96, 1395916418687434752
721, 23.7893, 48.99, 44.9, 10, -25.2007, 9.69928, 58.1957, 96, 1395916418687434752
722, 30.695, 48.99, 102.574, 17.6437, -18.295, 66.6352, 399.811, 96, 1395916418687434752
723, 30.8157, 48.99, 44.9, 10, -18.1743, 16.7257, 100.354, 96, 1395916418687434752
724, 26.69, 48.99, 44.9, 10, -22.3, 12.6, 75.6, 96, 1395916418687434752
725, 30.8157, 48.99, 44.9, 10, -18.1743, 16.7257, 100.354, 96, 1395916418687434752
726, 40.9113, 48.99, 44.9, 10, -8.07866, 26.8213, 160.928, 96, 1395916418687434752
727, 40.9113, 26.7014, 44.9, 10, 14.21, 49.11, 294.66, 96, 1395916418687434752
728, 39.6053, 48.99, 44.9, 10, -9.38472, 25.5153, 153.092, 96, 1395916418687434752
729, 40.7511, 48.99, 44.9, 10, -8.23894, 26.6611, 159.966, 96, 1395916418687434752
730, 40.7511, 48.99, 44.9, 10, -8.23894, 26.6611, 159.966, 96, 1395916418687434752
731, 31.583, 48.99, 44.9, 10, -17.407, 17.493, 104.958, 96, 1395916418687434752
732, 29.8319, 48.99, 44.9, 10, -19.1581, 15.7419, 94.4516, 96, 1395916418687434752
733, 23.1204, 48.99, 44.9, 10, -25.8696, 9.03041, 54.1824, 96, 1395916418687434752
734, 30.8157, 48.99, 45.8427, 10, -18.1743, 17.6684, 106.011, 96, 1395916418687434752
735, 41.93, 48.99, 44.9, 10, -7.06, 27.84, 167.04, 96, 1395916418687434752
736, 40.7511, 48.99, 44.9, 10, -8.23894, 26.6611, 159.966, 96, 1395916418687434752
737, 39.6053, 48.99, 44.9, 10, -9.38472, 25.5153, 153.092, 96, 1395916418687434752
738, 31.583, 48.99, 44.9, 10, -17.407, 17.493, 104.958, 96, 1395916418687434752
739, 30.716, 48.99, 44.9, 10, -18.274, 16.626, 99.7561, 96, 1395916418687434752
740, 22.4703, 48.99, 44.9, 15.5553, -26.5197, 2.82508, 16.9505, 96, 1395916418687434752
741, 41.93, 111.46, 25.4084, 10, -69.5296, -54.1211, -324.727, 96, 1395916418687434752
742, 39.4489, 34.7423, 44.9, 10, 4.70658, 39.6066, 237.639, 96, 1395916418687434752
743, 40.9113, 48.99, 44.9, 10, -8.07866, 26.8213, 160.928, 96, 1395916418687434752
744, 40.7511, 48.99, 44.9, 13.836, -8.23894, 22.825, 136.95, 96, 1395916418687434752
745, 30.067, 48.99, 44.9, 10, -18.923, 15.977, 95.8623, 96, 1395916418687434752
746, 39.761, 48.99, 44.9, 10, -9.22895, 25.671, 154.026, 96, 1395916418687434752
747, 23.7893, 48.99, 44.9, 10, -25.2007, 9.69928, 58.1957, 96, 1395916418687434752
748, 30.8157, 48.99, 44.9, 10, -18.1743, 16.7257, 100.354, 96, 1395916418687434752
749, 30.695, 48.99, 44.9, 10, -18.295, 16.605, 99.6298, 96, 1395916418687434752
750, 30.695, 48.99, 59.4497, 10, -18.295, 31.1547, 186.928, 96, 1395916418687434752
751, 31.583, 48.99, 44.9, 10, -17.407, 17.493, 104.958, 96, 1395916418687434752
752, 31.583, 48.99, 44.9, 5.23304, -17.407, 22.2599, 133.56, 96, 1395916418687434752
753, 30.695, 48.99, 44.9, 10, -18.295, 16.605, 99.6298, 96, 1395916418687434752
754, 23.0596, 48.99, 44.9, 10, -25.9304, 8.96958, 53.8175, 96, 1395916418687434752
755, 23.2113, 48.99, 44.9, 10, -25.7787, 9.12134, 54.728, 96, 1395916418687434752
756, 30.8157, 48.99, 44.9, 10, -18.1743, 16.7257, 100.354, 96, 1395916418687434752
757, 29.8319, 80.7709, 34.2983, 18.7699, -50.9389, -35.4106, -212.463, 96, 1395916418687434752
758, 30.695, 48.99, 44.9, 10, -18.295, 16.605, 99.6298, 96, 1395916418687434752
759, 40.7511, 48.99, 44.9, 10, -8.23894, 26.6611, 159.966, 96, 1395916418687434752
760, 30.695, 48.99, 44.9, 10, -18.295, 16.605, 99.6298, 96, 1395916418687434752
761, 40.7511, 48.99, 44.9, 18.7699, -8.23894, 17.8911, 107.347, 96, 1395916418687434752
762, 23.1204, 48.99, 44.9, 10, -25.8696, 9.03041, 54.1824, 96, 1395916418687434752
763, 31.583, 48.99, 44.9, 10, -17.407, 17.493, 104.958, 96, 1395916418687434752
764, 41.93, 48.99, 44.9, 10, -7.06, 27.84, 167.04, 96, 1395916418687434752
765, 39.6053, 48.99, 44.9, 10, -9.38472, 25.5153, 153.092, 96, 1395916418687434752
766, 39.6053, 48.99, 44.9, 18.7699, -9.38472, 16.7454, 100.472, 96, 1395916418687434752
767, 29.9493, 37.9222, 17.8156, 10, -7.97298, -0.157422, -0.944531, 96, 1395916418687434752
768, 39.761, 48.99, 44.9, 18.7699, -9.22895, 16.9011, 101.407, 96, 1395916418687434752
769, 39.5011, 48.99, 44.9, 18.7699, -9.48892, 16.6412, 99.8469, 96, 1395916418687434752
770, 22.5587, 52.0401, 44.9, 10, -29.4814, 5.41859, 32.5115, 96, 1395916418687434752
771, 29.9493, 48.99, 44.9, 10, -19.0407, 15.8593, 95.1555, 96, 1395916418687434752
772, 30.695, 48.99, 44.9, 10, -18.295, 16.605, 99.6298, 96, 1395916418687434752
773, 30.695, 48.99, 22.4159, 10, -18.295, -5.8791, -35.2746, 96, 1395916418687434752
774, 29.1072, 48.99, 44.9, 10, -19.8828, 15.0172, 90.1031, 96, 1395916418687434752
775, 30.695, 48.99, 44.9, 10, -18.295, 16.605, 99.6298, 96, 1395916418687434752
776, 30.9579, 48.99, 44.9, 10, -18.0321, 16.8679, 101.207, 96, 1395916418687434752
777, 30.8157, 48.99, 44.9, 8.89501, -18.1743, 17.8307, 106.984, 96, 1395916418687434752
778, 41.93, 48.7981, 45.8427, 10, -6.86814, 28.9746, 173.848, 96, 1395916418687434752
779, 30.695, 48.99, 44.9, 10, -18.295, 16.605, 99.6298, 96, 1395916418687434752
780, 31.583, 61.917, 44.9, 10, -30.334, 4.56599, 27.3959, 96, 1395916418687434752
781, 30.695, 48.99, 44.9, 10, -18.295, 16.605, 99.6298, 96, 1395916418687434752
782, 18.5779, 48.99, 23.3843, 10, -30.4121, -17.0278, -102.167, 96, 1395916418687434752
783, 22.6474, 76.9604, 44.9, 12.1477, -54.3129, -21.5607, -129.364, 96, 1395916418687434752
784, 30.8157, 120.877, 44.9, 10, -90.0617, -55.1617, -330.97, 96, 1395916418687434752
785, 15.4466, 48.99, 44.9, 17.1497, -33.5434, -5.79312, -34.7587, 96, 1395916418687434752
786, 22.4112, 48.99, 44.9, 10, -26.5788, 8.32122, 49.9273, 96, 1395916418687434752
787, 23.1204, 48.99, 44.9, 10, -25.8696, 9.03041, 54.1824, 96, 1395916418687434752
788, 31.583, 48.99, 44.9, 16.4872, -17.407, 11.0058, 66.0346, 96, 1395916418687434752
789, 23.1204, 48.99, 44.9, 10, -25.8696, 9.03041, 54.1824, 96, 1395916418687434752
790, 23.2113, 48.99, 44.9, 9.25033, -25.7787, 9.87101, 59.2261, 96, 1395916418687434752
791, 23.1204, 71.9066, 44.9, 10, -48.7862, -13.8862, -83.3174, 96, 1395916418687434752
792, 31.583, 48.99, 44.9, 7.93439, -17.407, 19.5586, 117.352, 96, 1395916418687434752
793, 40.7511, 48.99, 44.9, 10, -8.23894, 26.6611, 159.966, 96, 1395916418687434752
794, 26.158, 48.99, 44.9, 10, -22.832, 12.068, 72.408, 96, 1395916418687434752
795, 40.7511, 48.99, 44.9, 10, -8.23894, 26.6611, 159.966, 96, 1395916418687434752
796, 29.8319, 25.5373, 44.9, 18.7699, 4.29461, 30.4247, 182.548, 96, 1395916418687434752
797, 30.695, 57.4074, 44.9, 10, -26.7124, 8.18759, 49.1256, 96, 1395916418687434752
798, 39.6053, 48.99, 44.9, 10, -9.38472, 25.5153, 153.092, 96, 1395916418687434752
799, 30.695, 48.99, 44.9, 10, -18.295, 16.605, 99.6298, 96, 1395916418687434752
800, 15.4289, 48.99, 32.0805, 17.2259, -33.5611, -18.7064, -112.239, 96, 1395916418687434752
801, 30.695, 76.2945, 44.9, 10, -45.5995, -10.6995, -64.1972, 96, 1395916418687434752
802, 23.2113, 48.99, 44.9, 10, -25.7787, 9.12134, 54.728, 96, 1395916418687434752
803, 30.8157, 48.99, 44.9, 10, -18.1743, 16.7257, 100.354, 96, 1395916418687434752
804, 30.695, 48.99, 44.9, 10, -18.295, 16.605, 99.6298, 96, 1395916418687434752
805, 22.4703, 48.99, 44.9, 10, -26.5197, 8.38034, 50.282, 96, 1395916418687434752
806, 41.93, 48.99, 44.9, 10, -7.06, 27.84, 167.04, 96, 1395916418687434752
807, 30.695, 40.3028, 44.9, 18.7699, -9.60785, 16.5222, 99.1334, 96, 1395916418687434752
808, 31.583, 48.99, 44.9, 9.28566, -17.407, 18.2073, 109.244, 96, 1395916418687434752
809, 30.695, 48.99, 44.9, 10, -18.295, 16.605, 99.6298, 96, 1395916418687434752
810, 39.6053, 48.99, 44.9, 10, -9.38472, 25.5153, 153.092, 96, 1395916418687434752
811, 40.7511, 65.6049, 44.9, 10, -24.8539, 10.0461, 60.2767, 96, 1395916418687434752
812, 40.7511, 48.99, 44.9, 10, -8.23894, 26.6611, 159.966, 96, 1395916418687434752
813, 30.8157, 48.99, 44.9, 10, -18.1743, 16.7257, 100.354, 96, 1395916418687434752
814, 23.7893, 48.99, 44.9, 10, -25.2007, 9.69928, 58.1957, 96, 1395916418687434752
815, 39.6053, 48.99, 44.9, 10, -9.38472, 25.5153, 153.092, 96, 1395916418687434752
816, 31.583, 48.99, 44.9, 10, -17.407, 17.493, 104.958, 96, 1395916418687434752
817, 41.93, 48.99, 44.9, 10, -7.06, 27.84, 167.04, 96, 1395916418687434752
818, 31.583, 48.99, 44.9, 10, -17.407, 17.493, 104.958, 96, 1395916418687434752
819, 30.695, 48.99, 44.9, 10, -18.295, 16.605, 99.6298, 96, 1395916418687434752
820, 39.761, 48.99, 44.9, 10, -9.22895, 25.671, 154.026, 96, 1395916418687434752
821, 29.8319, 48.99, 28.6304, 11.4653, -19.1581, -1.99301, -11.9581, 96, 1395916418687434752
822, 30.695, 49.1881, 44.9, 18.7699, -18.4931, 7.63699, 45.8219, 96, 1395916418687434752
823, 41.93, 47.5576, 44.9, 10, -5.62764, 29.2724, 175.634, 96, 1395916418687434752
824, 23.1204, 61.4505, 44.9, 10, -38.3301, -3.43012, -20.5807, 96, 1395916418687434752
825, 29.9493, 48.99, 44.9, 18.7699, -19.0407, 7.08933, 42.536, 96, 1395916418687434752
826, 39.6053, 41.8291, 44.9, 35.231, -2.22386, 7.44513, 44.6708, 96, 1395916418687434752
827, 39.6053, 48.99, 44.9, 35.231, -9.38472, 0.284269, 1.70561, 96, 1395916418687434752
828, 22.4703, 48.99, 44.9, 10, -26.5197, 8.38034, 50.282, 96, 1395916418687434752
829, 30.8157, 48.99, 44.9, 10, -18.1743, 16.7257, 100.354, 96, 1395916418687434752
830, 30.8157, 48.99, 44.9, 10, -18.1743, 16.7257, 100.354, 96, 1395916418687434752
831, 31.583, 48.99, 44.9, 10.9508, -17.407, 16.5422, 99.253, 96, 1395916418687434752
832, 22.5587, 48.99, 44.9, 10, -26.4313, 8.46871, 50.8123, 96, 1395916418687434752
833, 22.5587, 82.8622, 44.9, 10, -60.3035, -25.4035, -152.421, 96, 1395916418687434752
834, 31.583, 48.99, 41.9538, 10, -17.407, 14.5468, 87.2807, 96, 1395916418687434752
835, 30.8157, 48.99, 44.9, 10, -18.1743, 16.7257, 100.354, 96, 1395916418687434752
836, 29.9493, 48.99, 52.8586, 10, -19.0407, 23.8179, 142.907, 96, 1395916418687434752
837, 39.6053, 48.99, 44.9, 10, -9.38472, 25.5153, 153.092, 96, 1395916418687434752
838, 30.695, 48.99, 44.9, 18.7699, -18.295, 7.83505, 47.0103, 96, 1395916418687434752
839, 30.8157, 48.99, 44.9, 10, -18.1743, 16.7257, 100.354, 96, 1395916418687434752
840, 30.067, 40.5288, 44.9, 10, -10.4618, 24.4382, 146.629, 96, 1395916418687434752
841, 66.4997, 48.99, 44.9, 10, 17.5097, 52.4097, 314.458, 96, 1395916418687434752
842, 36.9258, 48.99, 44.9, 10, -12.0642, 22.8358, 137.015, 96, 1395916418687434752
843, 39.6053, 48.99, 44.9, 10, -9.38472, 25.5153, 153.092, 96, 1395916418687434752
844, 40.7511, 48.99, 44.9, 12.1724, -8.23894, 24.4887, 146.932, 96, 1395916418687434752
845, 31.335, 48.99, 44.9, 10, -17.655, 17.245, 103.47, 96, 1395916418687434752
846, 22.5587, 48.99, 27.2332, 10, -26.4313, -9.19806, -55.1884, 96, 1395916418687434752
847, 60.8987, 48.99, 44.9, 10, 11.9087, 46.8087, 280.852, 96, 1395916418687434752
848, 27.7395, 48.99, 44.9, 10, -21.2505, 13.6495, 81.897, 96, 1395916418687434752
849, 38.6432, 48.99, 44.9, 10, -10.3468, 24.5532, 147.319, 96, 1395916418687434752
850, 40.7511, 48.99, 44.9, 10, -8.23894, 26.6611, 159.966, 96, 1395916418687434752
851, 40.7511, 48.99, 44.9, 10, -8.23894, 26.6611, 159.966, 96, 1395916418687434752
852, 30.9136, 48.99, 44.6654, 10, -18.0764, 16.589, 99.534, 96, 1395916418687434752
853, 45.0316, 48.99, 44.9, 10.9508, -3.95836, 29.9908, 179.945, 96, 1395916418687434752
854, 29.8319, 48.99, 44.9, 18.7699, -19.1581, 6.972, 41.832, 96, 1395916418687434752
855, 64.2991, 57.8938, 44.9, 10, 6.40525, 41.3053, 247.832, 96, 1395916418687434752
856, 40.7511, 48.99, 38.5687, 18.7699, -8.23894, 11.5598, 69.359, 96, 1395916418687434752
857, 39.761, 48.99, 44.9, 18.7699, -9.22895, 16.9011, 101.407, 96, 1395916418687434752
858, 39.761, 48.99, 44.9, 36.7679, -9.22895, -1.0969, -6.58141, 96, 1395916418687434752
859, 23.2113, 48.99, 113.539, 8.29257, -25.7787, 79.4682, 476.809, 96, 1395916418687434752
860, 43.1865, 48.99, 44.9, 10, -5.80352, 29.0965, 174.579, 96, 1395916418687434752
861, 30.695, 48.99, 44.9, 10, -18.295, 16.605, 99.6298, 96, 1395916418687434752
862, 40.7511, 48.99, 44.9, 18.7699, -8.23894, 17.8911, 107.347, 96, 1395916418687434752
863, 29.1072, 48.99, 44.9, 10, -19.8828, 15.0172, 90.1031, 96, 1395916418687434752
864, 59.229, 34.8243, 27.2332, 10.9423, 24.4047, 40.6956, 244.174, 96, 1395916418687434752
865, 17.9341, 48.99, 44.9, 19.9771, -31.0559, -6.13302, -36.7981, 96, 1395916418687434752
866, 23.1204, 48.99, 44.9, 16.6531, -25.8696, 2.37729, 14.2637, 96, 1395916418687434752
867, 30.695, 48.99, 44.9, 9.81937, -18.295, 16.7856, 100.714, 96, 1395916418687434752
868, 40.7511, 48.99, 44.9, 12.9487, -8.23894, 23.7123, 142.274, 96, 1395916418687434752
869, 39.6053, 48.99, 121.97, 6.34033, -9.38472, 106.245, 637.471, 96, 1395916418687434752
870, 31.583, 48.99, 45.8427, 10, -17.407, 18.4357, 110.614, 96, 1395916418687434752
871, 39.6053, 48.99, 39.2698, 18.7699, -9.38472, 11.1152, 66.691, 96, 1395916418687434752
872, 29.8319, 48.99, 44.9, 10, -19.1581, 15.7419, 94.4516, 96, 1395916418687434752
873, 31.583, 48.99, 44.9, 10, -17.407, 17.493, 104.958, 96, 1395916418687434752
874, 30.695, 48.99, 44.9, 10, -18.295, 16.605, 99.6298, 96, 1395916418687434752
875, 39.761, 48.99, 44.9, 18.7699, -9.22895, 16.9011, 101.407, 96, 1395916418687434752
876, 40.7511, 48.99, 44.9, 10, -8.23894, 26.6611, 159.966, 96, 1395916418687434752
877, 30.695, 48.99, 44.9, 10, -18.295, 16.605, 99.6298, 96, 1395916418687434752
878, 31.583, 48.99, 44.9, 10, -17.407, 17.493, 104.958, 96, 1395916418687434752
879, 19.5061, 48.99, 44.9, 10, -29.4839, 5.41607, 32.4964, 96, 1395916418687434752
880, 39.761, 48.99, 44.9, 10, -9.22895, 25.671, 154.026, 96, 1395916418687434752
881, 29.7534, 48.99, 44.9, 10, -19.2366, 15.6634, 93.9807, 96, 1395916418687434752
882, 31.583, 48.99, 44.9, 10, -17.407, 17.493, 104.958, 96, 1395916418687434752
883, 29.9493, 48.99, 44.9, 10, -19.0407, 15.8593, 95.1555, 96, 1395916418687434752
884, 29.606, 48.99, 44.9, 10, -19.384, 15.516, 93.0962, 96, 1395916418687434752
885, 24.3584, 45.8637, 44.9, 10, -21.5053, 13.3947, 80.3682, 96, 1395916418687434752
886, 39.4476, 32.2695, 44.9, 10, 7.17816, 42.0782, 252.469, 96, 1395916418687434752
887, 31.583, 48.99, 44.9, 10, -17.407, 17.493, 104.958, 96, 1395916418687434752
888, 40.7511, 48.99, 44.9, 17.4315, -8.23894, 19.2295, 115.377, 96, 1395916418687434752
889, 30.695, 48.99, 44.9, 10, -18.295, 16.605, 99.6298, 96, 1395916418687434752
890, 30.7946, 48.99, 44.9, 10, -18.1954, 16.7046, 100.227, 96, 1395916418687434752
891, 22.6474, 48.7981, 44.9, 10, -26.1507, 8.7493, 52.4958, 96, 1395916418687434752
892, 31.583, 48.99, 44.9, 10, -17.407, 17.493, 104.958, 96, 1395916418687434752
893, 30.8157, 48.99, 44.9, 10, -18.1743, 16.7257, 100.354, 96, 1395916418687434752
894, 24.0218, 48.99, 44.9, 18.7699, -24.9682, 1.16189, 6.97134, 96, 1395916418687434752
895, 40.7511, 48.99, 43.7688, 10, -8.23894, 25.5299, 153.179, 96, 1395916418687434752
896, 22.5587, 48.99, 44.9, 10, -26.4313, 8.46871, 50.8123, 96, 1395916418687434752
897, 40.7511, 48.99, 44.9, 18.7699, -8.23894, 17.8911, 107.347, 96, 1395916418687434752
898, 30.695, 48.99, 44.9, 10, -18.295, 16.605, 99.6298, 96, 1395916418687434752
899, 30.695, 48.99, 44.9, 10, -18.295, 16.605, 99.6298, 96, 1395916418687434752
900, 30.695, 29.7139, 44.6654, 10, 0.981033, 35.6464, 213.878, 96, 1395916418687434752
901, 28.971, 48.99, 44.9, 10, -20.019, 14.881, 89.286, 96, 1395916418687434752
902, 22.6474, 48.99, 44.9, 10, -26.3426, 8.55744, 51.3446, 96, 1395916418687434752
903, 39.761, 48.99, 44.9, 10, -9.22895, 25.671, 154.026, 96, 1395916418687434752
904, 29.8319, 48.99, 44.9, 18.7699, -19.1581, 6.972, 41.832, 96, 1395916418687434752
905, 39.8774, 19.4999, 44.9, 10, 20.3775, 55.2775, 331.665, 96, 1395916418687434752
906, 31.583, 48.99, 44.9, 10, -17.407, 17.493, 104.958, 96, 1395916418687434752
907, 40.7511, 48.99, 44.9, 10, -8.23894, 26.6611, 159.966, 96, 1395916418687434752
908, 25.7593, 48.99, 44.9, 18.7699, -23.2307, 2.89938, 17.3963, 96, 1395916418687434752
909, 29.9493, 48.99, 44.9, 10, -19.0407, 15.8593, 95.1555, 96, 1395916418687434752
910, 29.8319, 48.99, 44.9, 10, -19.1581, 15.7419, 94.4516, 96, 1395916418687434752
911, 29.9493, 48.99, 44.9, 10, -19.0407, 15.8593, 95.1555, 96, 1395916418687434752
912, 19.1461, 48.99, 44.9, 9.80741, -29.8439, 5.24865, 31.4919, 96, 1395916418687434752
913, 16.4996, 48.99, 44.9, 18.7699, -32.4904, -6.36035, -38.1621, 96, 1395916418687434752
914, 40.7511, 48.99, 44.9, 10, -8.23894, 26.6611, 159.966, 96, 1395916418687434752
915, 31.583, 48.99, 44.9, 10, -17.407, 17.493, 104.958, 96, 1395916418687434752
916, 30.695, 48.99, 44.9, 10, -18.295, 16.605, 99.6298, 96, 1395916418687434752
917, 29.7945, 48.99, 44.9, 10, -19.1955, 15.7045, 94.2267, 96, 1395916418687434752
918, 31.583, 48.99, 44.9, 7.82359, -17.407, 19.6694, 118.016, 96, 1395916418687434752
919, 24.2974, 48.99, 44.9, 10, -24.6926, 10.2074, 61.2446, 96, 1395916418687434752
920, 30.695, 48.99, 44.9, 10, -18.295, 16.605, 99.6298, 96, 1395916418687434752
921, 23.2113, 48.99, 26.8072, 10, -25.7787, -8.97144, -53.8287, 96, 1395916418687434752
922, 40.7511, 48.99, 44.9, 10, -8.23894, 26.6611, 159.966, 96, 1395916418687434752
923, 40.0423, 48.99, 44.9, 10, -8.94771, 25.9523, 155.714, 96, 1395916418687434752
924, 29.8319, 48.99, 44.9, 9.98495, -19.1581, 15.757, 94.5419, 96, 1395916418687434752
925, 40.7511, 48.99, 45.7343, 10, -8.23894, 27.4954, 164.972, 96, 1395916418687434752
926, 31.583, 48.99, 44.9, 10, -17.407, 17.493, 104.958, 96, 1395916418687434752
927, 34.1924, 29.7139, 44.9, 10, 4.47846, 39.3785, 236.271, 96, 1395916418687434752
928, 30.695, 48.99, 44.9, 10, -18.295, 16.605, 99.6298, 96, 1395916418687434752
929, 30.067, 48.99, 46.6435, 10, -18.923, 17.7205, 106.323, 96, 1395916418687434752
930, 30.695, 48.99, 44.9, 10, -18.295, 16.605, 99.6298, 96, 1395916418687434752
931, 40.7511, 48.99, 39.3977, 10, -8.23894, 21.1588, 126.953, 96, 1395916418687434752
932, 46.6844, 80.7709, 44.9, 10, -34.0865, 0.813497, 4.88098, 96, 1395916418687434752
933, 30.8157, 48.99, 44.9, 10, -18.1743, 16.7257, 100.354, 96, 1395916418687434752
934, 30.8157, 48.99, 44.9, 8.68043, -18.1743, 18.0453, 108.272, 96, 1395916418687434752
935, 23.1204, 48.99, 44.9, 10, -25.8696, 9.03041, 54.1824, 96, 1395916418687434752
936, 40.5902, 48.99, 44.9, 10, -8.39984, 26.5002, 159.001, 96, 1395916418687434752
937, 29.9493, 48.99, 44.9, 10, -19.0407, 15.8593, 95.1555, 96, 1395916418687434752
938, 23.2113, 48.99, 45.8427, 10, -25.7787, 10.0641, 60.3845, 96, 1395916418687434752
939, 29.7534, 48.99, 44.9, 10, -19.2366, 15.6634, 93.9807, 96, 1395916418687434752
940, 23.2113, 48.99, 44.9, 9.99785, -25.7787, 9.12349, 54.741, 96, 1395916418687434752
941, 54.2185, 48.99, 44.9, 18.7699, 5.22845, 31.3585, 188.151, 96, 1395916418687434752
942, 23.2113, 48.99, 44.9, 10, -25.7787, 9.12134, 54.728, 96, 1395916418687434752
943, 29.9493, 48.99, 44.9, 10, -19.0407, 15.8593, 95.1555, 96, 1395916418687434752
944, 41.93, 48.99, 44.9, 10, -7.06, 27.84, 167.04, 96, 1395916418687434752
945, 31.583, 48.99, 44.9, 10, -17.407, 17.493, 104.958, 96, 1395916418687434752
946, 23.1204, 48.99, 44.9, 10, -25.8696, 9.03041, 54.1824, 96, 1395916418687434752
947, 23.2113, 48.99, 44.9, 10, -25.7787, 9.12134, 54.728, 96, 1395916418687434752
948, 41.93, 48.99, 44.9, 10, -7.06, 27.84, 167.04, 96, 1395916418687434752
949, 37.3581, 48.99, 44.9, 19.7602, -11.6319, 13.5079, 81.0474, 96, 1395916418687434752
950, 31.583, 48.99, 44.9, 10, -17.407, 17.493, 104.958, 96, 1395916418687434752
951, 30.695, 48.99, 44.9, 10, -18.295, 16.605, 99.6298, 96, 1395916418687434752
952, 39.6053, 48.99, 79.6336, 35.231, -9.38472, 35.0178, 210.107, 96, 1395916418687434752
953, 40.7511, 48.99, 60.1591, 18.7699, -8.23894, 33.1502, 198.901, 96, 1395916418687434752
954, 30.695, 48.99, 44.9, 10, -18.295, 16.605, 99.6298, 96, 1395916418687434752
955, 30.8157, 39.8709, 44.9, 10, -9.05518, 25.8448, 155.069, 96, 1395916418687434752
956, 30.695, 28.256, 44.9, 10, 2.43898, 37.339, 224.034, 96, 1395916418687434752
957, 30.695, 48.99, 44.9, 18.7699, -18.295, 7.83505, 47.0103, 96, 1395916418687434752
958, 40.7511, 48.99, 44.9, 10, -8.23894, 26.6611, 159.966, 96, 1395916418687434752
959, 38.2476, 48.99, 44.9, 10, -10.7424, 24.1576, 144.945, 96, 1395916418687434752
960, 23.7893, 48.99, 44.9, 10, -25.2007, 9.69928, 58.1957, 96, 1395916418687434752
961, 39.6053, 48.99, 44.9, 10, -9.38472, 25.5153, 153.092, 96, 1395916418687434752
962, 39.761, 48.99, 44.9, 10, -9.22895, 25.671, 154.026, 96, 1395916418687434752
963, 40.7511, 48.99, 44.9, 13.5492, -8.23894, 23.1118, 138.671, 96, 1395916418687434752
964, 31.583, 43.5163, 31.3482, 10, -11.9333, 9.41487, 56.4892, 96, 1395916418687434752
965, 31.583, 48.99, 44.9, 10, -17.407, 17.493, 104.958, 96, 1395916418687434752
966, 21.6582, 49.1881, 44.9, 18.7699, -27.5299, -1.39981, -8.39884, 96, 1395916418687434752
967, 29.8319, 56.7423, 44.9, 10, -26.9104, 7.9896, 47.9376, 96, 1395916418687434752
968, 23.1204, 48.99, 44.9, 10, -25.8696, 9.03041, 54.1824, 96, 1395916418687434752
969, 22.4703, 48.99, 44.9, 10, -26.5197, 8.38034, 50.282, 96, 1395916418687434752
970, 30.8157, 48.99, 44.9, 10, -18.1743, 16.7257, 100.354, 96, 1395916418687434752
971, 23.7893, 48.99, 44.9, 10, -25.2007, 9.69928, 58.1957, 96, 1395916418687434752
972, 36.0727, 48.99, 64.9301, 10, -12.9173, 42.0128, 252.077, 96, 1395916418687434752
973, 31.583, 48.99, 44.9, 10, -17.407, 17.493, 104.958, 96, 1395916418687434752
974, 40.7511, 48.99, 44.9, 10.8737, -8.23894, 25.7874, 154.724, 96, 1395916418687434752
975, 40.7511, 48.99, 31.1585, 10, -8.23894, 12.9196, 77.5176, 96, 1395916418687434752
976, 40.7511, 48.99, 44.9, 18.7699, -8.23894, 17.8911, 107.347, 96, 1395916418687434752
977, 29.9493, 48.99, 44.9, 19.2738, -19.0407, 6.58545, 39.5127, 96, 1395916418687434752
978, 31.583, 48.99, 74.0276, 20.016, -17.407, 36.6046, 219.628, 96, 1395916418687434752
979, 29.9493, 48.99, 44.9, 10, -19.0407, 15.8593, 95.1555, 96, 1395916418687434752
980, 30.8157, 48.99, 44.9, 10, -18.1743, 16.7257, 100.354, 96, 1395916418687434752
981, 40.9113, 48.99, 35.7178, 10, -8.07866, 17.6392, 105.835, 96, 1395916418687434752
982, 31.583, 48.99, 44.9, 10, -17.407, 17.493, 104.958, 96, 1395916418687434752
983, 30.8157, 48.99, 44.9, 10, -18.1743, 16.7257, 100.354, 96, 1395916418687434752
984, 22.5587, 48.99, 44.9, 10, -26.4313, 8.46871, 50.8123, 96, 1395916418687434752
985, 30.8157, 48.99, 44.9, 9.80741, -18.1743, 16.9183, 101.51, 96, 1395916418687434752
986, 31.583, 48.99, 84.914, 10, -17.407, 57.5069, 345.042, 96, 1395916418687434752
987, 39.6053, 48.99, 44.9, 18.7699, -9.38472, 16.7454, 100.472, 96, 1395916418687434752
988, 29.8319, 48.99, 44.9, 18.7699, -19.1581, 6.972, 41.832, 96, 1395916418687434752
989, 30.695, 48.99, 44.9, 18.7699, -18.295, 7.83505, 47.0103, 96, 1395916418687434752
990, 30.695, 24.5335, 44.9, 10, 6.16149, 41.0615, 246.369, 96, 1395916418687434752
991, 23.2113, 48.99, 44.9, 10, -25.7787, 9.12134, 54.728, 96, 1395916418687434752
992, 39.6053, 48.99, 51.8657, 18.7699, -9.38472, 23.7111, 142.267, 96, 1395916418687434752
993, 30.8157, 48.99, 44.9, 18.6916, -18.1743, 8.03411, 48.2047, 96, 1395916418687434752
994, 44.1128, 48.99, 44.9, 18.7699, -4.87715, 21.2529, 127.518, 96, 1395916418687434752
995, 39.761, 48.99, 44.9, 18.7699, -9.22895, 16.9011, 101.407, 96, 1395916418687434752
996, 13.9126, 48.99, 44.9, 10, -35.0774, -0.177434, -1.0646, 96, 1395916418687434752
997, 31.583, 48.99, 45.6594, 10, -17.407, 18.2524, 109.514, 96, 1395916418687434752
998, 30.695, 48.99, 44.9, 18.7699, -18.295, 7.83505, 47.0103, 96, 1395916418687434752
999, 23.2113, 49.1881, 44.9, 10, -25.9767, 8.92328, 53.5397, 96, 1395916418687434752
