0, 17.2908, 45.1031, 19.0378, 39.6679, 5, 861922731048828928
1, 17.2293, 43.9627, 19.2455, 38.1072, 5, 861922731048828928
2, 16.911, 44.4475, 19.2455, 41.3654, 5, 861922731048828928
3, 17.2293, 44.4475, 19.2455, 39.535, 5, 861922731048828928
4, 17.7021, 43.9227, 18.7936, 38.399, 5, 861922731048828928
5, 17.8336, 45.9178, 20.1142, 38.399, 5, 861922731048828928
6, 17.48, 44.4475, 19.2455, 38.3109, 5, 861922731048828928
7, 17.2293, 44.4475, 19.455, 38.103, 5, 861922731048828928
8, 17.2293, 44.5014, 18.7056, 38.399, 5, 861922731048828928
9, 17.438, 46.4321, 19.1984, 38.399, 5, 861922731048828928
10, 17.2942, 44.694, 19.2455, 38.4293, 5, 861922731048828928
11, 17.2293, 45.0962, 19.7445, 38.399, 5, 861922731048828928
12, 17.4942, 44.4475, 19.2937, 38.3064, 5, 861922731048828928
13, 17.2293, 44.4475, 19.2909, 38.399, 5, 861922731048828928
14, 18.6162, 44.3631, 19.2455, 38.399, 5, 861922731048828928
15, 17.2293, 44.7966, 20.1739, 38.4011, 5, 861922731048828928
16, 17.2293, 44.5543, 19.2534, 38.9265, 5, 861922731048828928
17, 16.8358, 44.6773, 18.7053, 38.399, 5, 861922731048828928
18, 17.2293, 44.4475, 19.2455, 38.399, 5, 861922731048828928
19, 16.9265, 44.4475, 19.2455, 39.3267, 5, 861922731048828928
20, 16.7232, 44.3378, 19.2455, 38.399, 5, 861922731048828928
21, 16.9182, 44.4475, 19.4455, 38.399, 5, 861922731048828928
22, 17.2293, 45.3199, 19.2455, 38.399, 5, 861922731048828928
23, 17.8072, 44.3095, 19.2455, 38.399, 5, 861922731048828928
24, 18.3735, 44.3334, 19.2455, 38.7877, 5, 861922731048828928
25, 19.3367, 43.923, 19.2455, 38.399, 5, 861922731048828928
26, 17.2293, 45.236, 19.2455, 39.8058, 5, 861922731048828928
27, 17.2293, 44.4475, 19.9753, 38.1681, 5, 861922731048828928
28, 17.2293, 44.4475, 19.4279, 38.399, 5, 861922731048828928
29, 17.2293, 44.4475, 19.2455, 38.399, 5, 861922731048828928
30, 17.2293, 44.4475, 19.2455, 38.399, 5, 861922731048828928
31, 16.8274, 45.0962, 18.5302, 38.399, 5, 861922731048828928
32, 17.2293, 44.4475, 19.5868, 38.2822, 5, 861922731048828928
33, 17.2293, 44.4475, 19.2455, 38.7303, 5, 861922731048828928
34, 17.9833, 44.4475, 19.4868, 38.399, 5, 861922731048828928
35, 18.0081, 45.3065, 19.2455, 38.399, 5, 861922731048828928
36, 18.4197, 45.7802, 19.2455, 38.399, 5, 861922731048828928
37, 17.8072, 44.9086, 19.2455, 38.2177, 5, 861922731048828928
38, 17.2293, 44.4475, 19.2455, 38.399, 5, 861922731048828928
39, 17.2293, 44.5634, 19.2455, 38.041, 5, 861922731048828928
40, 16.7806, 44.4475, 19.2455, 38.399, 5, 861922731048828928
41, 17.2293, 44.6415, 19.2455, 38.399, 5, 861922731048828928
42, 17.8127, 44.4475, 19.2455, 38.399, 5, 861922731048828928
43, 17.3756, 44.491, 19.6609, 38.399, 5, 861922731048828928
44, 17.6402, 44.5543, 20.5297, 38.399, 5, 861922731048828928
45, 17.2293, 44.4475, 19.2455, 38.399, 5, 861922731048828928
46, 17.2293, 44.7055, 19.2455, 38.399, 5, 861922731048828928
47, 17.2293, 44.4475, 19.2455, 38.399, 5, 861922731048828928
48, 18.5341, 44.4475, 19.6648, 38.399, 5, 861922731048828928
49, 17.8072, 44.4475, 19.1768, 38.399, 5, 861922731048828928
50, 17.2293, 45.6189, 19.2455, 38.399, 5, 861922731048828928
51, 17.2293, 44.4475, 20.5141, 38.399, 5, 861922731048828928
52, 17.2293, 44.4475, 19.1072, 38.0951, 5, 861922731048828928
53, 17.2293, 46.9108, 19.2455, 38.399, 5, 861922731048828928
54, 17.2293, 44.4475, 19.2455, 38.399, 5, 861922731048828928
55, 18.6544, 44.4475, 19.6257, 38.399, 5, 861922731048828928
56, 17.1531, 44.4475, 19.2455, 38.399, 5, 861922731048828928
57, 17.2293, 44.4475, 19.2455, 38.2177, 5, 861922731048828928
58, 17.2293, 44.7091, 19.7386, 38.399, 5, 861922731048828928
59, 17.67, 44.4475, 19.2455, 38.399, 5, 861922731048828928
60, 17.2293, 44.4475, 19.2455, 38.399, 5, 861922731048828928
61, 18.0933, 44.4475, 19.3031, 38.399, 5, 861922731048828928
62, 17.2293, 44.4475, 19.2455, 38.7303, 5, 861922731048828928
63, 17.2293, 44.4475, 19.2455, 38.358, 5, 861922731048828928
64, 16.8358, 45.1233, 19.839, 39.8527, 5, 861922731048828928
65, 17.2293, 44.4475, 19.2455, 38.399, 5, 861922731048828928
66, 16.8263, 44.4475, 18.9451, 38.399, 5, 861922731048828928
67, 17.2293, 44.2376, 19.2455, 37.9143, 5, 861922731048828928
68, 17.2293, 45.1128, 19.1624, 39.1737, 5, 861922731048828928
69, 17.175, 43.966, 19.2455, 39.0639, 5, 861922731048828928
70, 17.2293, 49.5016, 19.2455, 39.0477, 5, 861922731048828928
71, 17.2293, 44.4475, 19.0623, 38.5464, 5, 861922731048828928
72, 17.2293, 44.4475, 19.2455, 38.0564, 5, 861922731048828928
73, 17.2293, 44.4475, 19.2455, 39.3267, 5, 861922731048828928
74, 17.2293, 44.4896, 19.4857, 38.399, 5, 861922731048828928
75, 17.2293, 44.4475, 19.2455, 38.1724, 5, 861922731048828928
76, 18.1532, 44.4475, 19.2949, 38.544, 5, 861922731048828928
77, 17.0561, 44.9582, 19.3479, 38.399, 5, 861922731048828928
78, 18.2763, 44.4475, 19.2455, 39.8058, 5, 861922731048828928
79, 17.1457, 49.2762, 19.2455, 38.399, 5, 861922731048828928
80, 17.1327, 44.4475, 19.2455, 38.399, 5, 861922731048828928
81, 17.2293, 45.8255, 19.2455, 38.399, 5, 861922731048828928
82, 17.2293, 44.4475, 19.4455, 38.399, 5, 861922731048828928
83, 16.8358, 44.4475, 19.2455, 38.692, 5, 861922731048828928
84, 17.2293, 44.4475, 19.2455, 39.0134, 5, 861922731048828928
85, 17.1248, 45.0962, 19.2455, 38.399, 5, 861922731048828928
86, 17.2293, 44.7635, 19.2455, 38.3911, 5, 861922731048828928
87, 17.7552, 44.4475, 18.7861, 38.399, 5, 861922731048828928
88, 17.2293, 44.4475, 20.3348, 38.399, 5, 861922731048828928
89, 19.3607, 44.4475, 19.6459, 38.34, 5, 861922731048828928
90, 16.9384, 43.9816, 19.7386, 38.399, 5, 861922731048828928
91, 17.2293, 44.4475, 19.6302, 38.399, 5, 861922731048828928
92, 17.2293, 45.0962, 19.455, 38.399, 5, 861922731048828928
93, 16.8263, 44.4475, 19.7962, 38.399, 5, 861922731048828928
94, 18.6488, 44.4475, 19.2455, 38.3567, 5, 861922731048828928
95, 17.5603, 44.0399, 19.2455, 37.9127, 5, 861922731048828928
96, 17.8856, 44.9028, 19.6678, 38.399, 5, 861922731048828928
97, 17.0096, 45.2656, 19.8942, 38.399, 5, 861922731048828928
98, 17.2293, 44.4475, 19.2455, 38.8643, 5, 861922731048828928
99, 17.2293, 45.2751, 19.1407, 38.2797, 5, 861922731048828928
100, 16.9037, 44.4475, 19.6646, 38.0835, 5, 861922731048828928
101, 17.3306, 44.4475, 20.2047, 38.2797, 5, 861922731048828928
102, 17.3701, 44.4475, 19.2455, 38.399, 5, 861922731048828928
103, 17.2293, 44.5014, 19.2455, 38.399, 5, 861922731048828928
104, 17.2293, 44.4475, 18.9094, 38.399, 5, 861922731048828928
105, 17.2293, 45.8602, 19.3479, 38.399, 5, 861922731048828928
106, 17.2293, 44.4475, 19.4901, 38.399, 5, 861922731048828928
107, 17.2293, 44.4475, 19.2455, 38.399, 5, 861922731048828928
108, 17.9833, 44.3483, 19.2455, 38.399, 5, 861922731048828928
109, 16.8358, 47.6611, 19.2455, 38.865, 5, 861922731048828928
110, 16.6606, 45.0962, 19.7215, 38.399, 5, 861922731048828928
111, 17.2293, 44.74, 19.2455, 38.399, 5, 861922731048828928
112, 16.7645, 44.4475, 19.2455, 38.6825, 5, 861922731048828928
113, 16.7121, 44.2004, 19.2455, 38.399, 5, 861922731048828928
114, 17.2293, 44.8518, 19.7529, 38.399, 5, 861922731048828928
115, 18.2763, 44.4475, 20.5297, 38.399, 5, 861922731048828928
116, 17.2293, 44.4475, 20.6412, 38.399, 5, 861922731048828928
117, 17.2293, 44.4475, 19.8942, 38.399, 5, 861922731048828928
118, 16.8752, 44.4475, 19.3329, 38.399, 5, 861922731048828928
119, 17.1951, 44.4475, 20.4421, 38.399, 5, 861922731048828928
120, 17.5603, 46.1666, 19.2455, 38.0338, 5, 861922731048828928
121, 17.9641, 46.5319, 19.2455, 38.399, 5, 861922731048828928
122, 17.2127, 44.4475, 21.0242, 38.399, 5, 861922731048828928
123, 18.5154, 44.1983, 19.2949, 38.399, 5, 861922731048828928
124, 17.5931, 44.4475, 18.937, 38.399, 5, 861922731048828928
125, 17.581, 44.0991, 19.2455, 38.399, 5, 861922731048828928
126, 17.2293, 44.4475, 18.811, 38.399, 5, 861922731048828928
127, 18.0315, 44.4475, 19.2455, 38.399, 5, 861922731048828928
128, 17.2293, 44.4475, 19.2455, 38.399, 5, 861922731048828928
129, 17.2149, 45.4577, 19.2455, 38.399, 5, 861922731048828928
130, 18.6488, 44.4475, 19.2455, 37.8046, 5, 861922731048828928
131, 18.0566, 44.4475, 20.1089, 39.4964, 5, 861922731048828928
132, 17.2293, 44.4475, 19.6306, 38.399, 5, 861922731048828928
133, 17.2293, 44.4475, 18.6293, 38.399, 5, 861922731048828928
134, 17.2293, 44.27, 19.0729, 39.0863, 5, 861922731048828928
135, 18.3735, 44.9338, 19.2455, 38.399, 5, 861922731048828928
136, 17.2293, 44.5765, 19.2455, 38.399, 5, 861922731048828928
137, 17.2293, 44.4475, 19.0964, 38.399, 5, 861922731048828928
138, 17.2293, 44.4475, 21.0881, 38.399, 5, 861922731048828928
139, 17.3677, 44.1934, 19.2455, 38.399, 5, 861922731048828928
140, 17.0643, 45.1831, 19.2455, 38.1221, 5, 861922731048828928
141, 17.2293, 45.5845, 19.2455, 38.1587, 5, 861922731048828928
142, 17.5603, 45.3883, 21.3272, 38.3047, 5, 861922731048828928
143, 17.2293, 49.4262, 19.2455, 39.1844, 5, 861922731048828928
144, 18.0566, 44.4475, 20.2921, 38.399, 5, 861922731048828928
145, 17.2293, 44.4475, 19.2455, 38.3047, 5, 861922731048828928
146, 17.2293, 44.4475, 20.3502, 38.1681, 5, 861922731048828928
147, 17.878, 44.4475, 19.2455, 38.399, 5, 861922731048828928
148, 17.7112, 44.4475, 19.2455, 38.399, 5, 861922731048828928
149, 17.2293, 44.4475, 19.9326, 38.399, 5, 861922731048828928
150, 17.2293, 44.4475, 19.2455, 38.399, 5, 861922731048828928
151, 17.0828, 45.3547, 19.5889, 38.399, 5, 861922731048828928
152, 17.2293, 44.406, 19.7215, 38.399, 5, 861922731048828928
153, 17.2293, 44.4475, 19.2455, 39.4993, 5, 861922731048828928
154, 17.2293, 44.1592, 18.9631, 38.4732, 5, 861922731048828928
155, 16.9893, 44.2628, 19.2455, 38.399, 5, 861922731048828928
156, 16.9372, 44.4475, 19.2455, 38.9526, 5, 861922731048828928
157, 17.2293, 44.4475, 19.2455, 38.399, 5, 861922731048828928
158, 17.2293, 44.4475, 19.2455, 38.399, 5, 861922731048828928
159, 17.6844, 44.6871, 19.2455, 38.399, 5, 861922731048828928
160, 18.5691, 44.4475, 19.2455, 38.2787, 5, 861922731048828928
161, 18.0606, 44.7966, 19.2455, 38.399, 5, 861922731048828928
162, 17.2293, 44.6358, 19.9429, 38.399, 5, 861922731048828928
163, 17.2293, 44.4475, 18.7423, 37.8829, 5, 861922731048828928
164, 17.2293, 44.4475, 21.0301, 38.6457, 5, 861922731048828928
165, 17.2673, 44.3412, 19.8942, 38.399, 5, 861922731048828928
166, 17.2293, 44.054, 19.2455, 39.1715, 5, 861922731048828928
167, 17.0202, 44.9826, 19.2455, 38.399, 5, 861922731048828928
168, 17.4159, 44.8118, 19.2455, 38.399, 5, 861922731048828928
169, 17.2293, 48.8234, 19.2455, 38.399, 5, 861922731048828928
170, 17.2293, 43.9382, 19.2223, 38.399, 5, 861922731048828928
171, 18.0933, 44.0937, 19.3251, 38.6457, 5, 861922731048828928
172, 18.035, 44.4475, 19.2455, 39.2262, 5, 861922731048828928
173, 19.5537, 44.4475, 19.2455, 37.9024, 5, 861922731048828928
174, 17.2293, 44.3453, 19.2455, 38.399, 5, 861922731048828928
175, 18.6544, 43.9363, 19.1212, 38.399, 5, 861922731048828928
176, 19.6855, 47.8985, 19.2455, 38.638, 5, 861922731048828928
177, 17.9894, 44.4475, 19.7004, 38.399, 5, 861922731048828928
178, 17.2293, 44.4475, 20.5806, 38.4663, 5, 861922731048828928
179, 17.2293, 45.2777, 19.2455, 38.399, 5, 861922731048828928
180, 17.2293, 44.4475, 18.7567, 38.399, 5, 861922731048828928
181, 17.2293, 45.3883, 20.029, 40.1809, 5, 861922731048828928
182, 17.2293, 44.4475, 19.2455, 38.399, 5, 861922731048828928
183, 18.3034, 44.4475, 20.3636, 40.1283, 5, 861922731048828928
184, 17.564, 45.6567, 19.2455, 38.2084, 5, 861922731048828928
185, 17.2829, 44.4373, 19.2455, 38.1543, 5, 861922731048828928
186, 17.2293, 44.4475, 19.2455, 39.3267, 5, 861922731048828928
187, 16.8571, 44.4475, 18.5751, 38.399, 5, 861922731048828928
188, 17.2293, 44.4475, 19.2455, 38.3064, 5, 861922731048828928
189, 17.2293, 45.1128, 19.2773, 38.7303, 5, 861922731048828928
190, 17.2293, 43.8653, 19.2455, 38.399, 5, 861922731048828928
191, 17.2293, 44.4475, 23.247, 38.399, 5, 861922731048828928
192, 17.2293, 44.4475, 19.2455, 38.399, 5, 861922731048828928
193, 17.0858, 44.575, 19.2455, 38.399, 5, 861922731048828928
194, 17.3883, 44.4475, 19.2455, 38.399, 5, 861922731048828928
195, 17.2293, 44.3153, 20.2896, 38.399, 5, 861922731048828928
196, 17.2127, 44.4926, 19.2556, 38.399, 5, 861922731048828928
197, 17.2293, 44.4475, 19.2455, 38.399, 5, 861922731048828928
198, 17.7736, 44.4475, 19.9399, 38.399, 5, 861922731048828928
199, 20.5322, 44.1968, 19.2455, 38.399, 5, 861922731048828928
200, 17.5423, 44.4475, 19.866, 39.0907, 5, 861922731048828928
201, 17.2293, 44.4475, 18.6608, 38.399, 5, 861922731048828928
202, 17.2293, 44.4475, 19.2455, 38.399, 5, 861922731048828928
203, 17.2293, 44.2834, 19.3235, 38.2885, 5, 861922731048828928
204, 17.2149, 44.4475, 19.2455, 38.399, 5, 861922731048828928
205, 17.2293, 44.4475, 19.2455, 39.4532, 5, 861922731048828928
206, 17.2293, 44.4475, 20.0662, 38.399, 5, 861922731048828928
207, 17.2293, 44.4475, 19.2455, 38.399, 5, 861922731048828928
208, 17.2293, 45.9865, 18.7911, 38.399, 5, 861922731048828928
209, 17.4222, 44.4475, 19.2455, 38.399, 5, 861922731048828928
210, 17.878, 44.4896, 19.4768, 38.399, 5, 861922731048828928
211, 17.2293, 44.4475, 19.5778, 38.399, 5, 861922731048828928
212, 17.9639, 44.4475, 18.6758, 38.399, 5, 861922731048828928
213, 17.8856, 44.7342, 19.2455, 39.1264, 5, 861922731048828928
214, 17.9939, 44.4475, 19.2455, 38.399, 5, 861922731048828928
215, 17.2293, 44.4475, 18.8272, 38.6944, 5, 861922731048828928
216, 17.2293, 44.4475, 18.643, 38.399, 5, 861922731048828928
217, 18.6657, 44.4475, 19.5906, 38.399, 5, 861922731048828928
218, 17.3867, 44.4475, 19.2455, 38.399, 5, 861922731048828928
219, 17.2293, 44.4475, 19.8942, 38.399, 5, 861922731048828928
220, 17.2293, 44.4475, 19.7335, 38.3806, 5, 861922731048828928
221, 17.878, 44.4475, 19.2455, 38.399, 5, 861922731048828928
222, 17.3098, 44.4475, 19.2455, 38.753, 5, 861922731048828928
223, 17.8214, 44.2088, 20.5297, 39.4154, 5, 861922731048828928
224, 17.0693, 44.113, 21.8122, 39.134, 5, 861922731048828928
225, 17.2293, 44.4475, 19.2455, 38.2493, 5, 861922731048828928
226, 17.2293, 44.4475, 19.2455, 38.399, 5, 861922731048828928
227, 17.2293, 44.2492, 19.2455, 38.399, 5, 861922731048828928
228, 17.2293, 45.8154, 19.3924, 38.399, 5, 861922731048828928
229, 17.2293, 44.4475, 19.2455, 38.6508, 5, 861922731048828928
230, 16.9265, 44.3945, 19.5607, 38.399, 5, 861922731048828928
231, 16.8584, 44.7579, 19.4455, 38.4426, 5, 861922731048828928
232, 17.2293, 44.4475, 19.1342, 38.9015, 5, 861922731048828928
233, 16.8955, 44.4959, 19.2455, 38.399, 5, 861922731048828928
234, 17.2293, 44.4475, 20.3873, 39.1941, 5, 861922731048828928
235, 17.2293, 44.4396, 19.2455, 38.1157, 5, 861922731048828928
236, 17.2293, 44.4475, 19.6796, 38.8183, 5, 861922731048828928
237, 17.2293, 44.4475, 20.5353, 38.0009, 5, 861922731048828928
238, 17.2293, 44.4475, 19.3251, 38.6457, 5, 861922731048828928
239, 17.2293, 45.0607, 19.2455, 38.0009, 5, 861922731048828928
240, 17.2293, 45.8959, 18.7423, 38.399, 5, 861922731048828928
241, 16.9541, 44.4475, 19.7445, 38.399, 5, 861922731048828928
242, 17.2293, 45.0435, 18.9726, 38.8822, 5, 861922731048828928
243, 17.2293, 44.3282, 19.2455, 38.0055, 5, 861922731048828928
244, 17.5931, 45.5363, 20.2139, 38.865, 5, 861922731048828928
245, 17.2293, 44.4475, 19.2455, 38.7303, 5, 861922731048828928
246, 17.2293, 44.5897, 19.2455, 38.399, 5, 861922731048828928
247, 17.2293, 44.4475, 19.7302, 38.8134, 5, 861922731048828928
248, 17.2293, 45.8602, 19.2563, 38.399, 5, 861922731048828928
249, 17.2293, 44.4475, 19.2812, 38.7303, 5, 861922731048828928
250, 17.2293, 44.4475, 19.2455, 38.399, 5, 861922731048828928
251, 17.3934, 44.4475, 19.2455, 41.2047, 5, 861922731048828928
252, 17.2293, 43.8984, 19.2455, 38.399, 5, 861922731048828928
253, 17.2293, 44.4475, 19.2455, 38.7303, 5, 861922731048828928
254, 17.664, 44.4624, 19.2455, 38.0832, 5, 861922731048828928
255, 16.9372, 45.3883, 19.2455, 38.399, 5, 861922731048828928
256, 17.5626, 45.6189, 19.2455, 38.399, 5, 861922731048828928
257, 17.2293, 45.8154, 20.3502, 38.399, 5, 861922731048828928
258, 17.6272, 44.4475, 19.2455, 38.399, 5, 861922731048828928
259, 17.154, 45.9258, 19.4868, 38.2102, 5, 861922731048828928
260, 17.2293, 44.5878, 19.5771, 39.0477, 5, 861922731048828928
261, 16.9469, 44.4475, 19.2455, 38.9352, 5, 861922731048828928
262, 17.2293, 44.4475, 19.2455, 38.399, 5, 861922731048828928
263, 16.8301, 44.5829, 19.2455, 38.399, 5, 861922731048828928
264, 17.2293, 44.7396, 19.2455, 38.3113, 5, 861922731048828928
265, 17.2293, 44.9086, 19.2455, 38.399, 5, 861922731048828928
266, 18.518, 44.9858, 19.2455, 38.399, 5, 861922731048828928
267, 17.2293, 44.4475, 18.864, 38.399, 5, 861922731048828928
268, 17.2293, 44.5543, 19.4898, 38.399, 5, 861922731048828928
269, 17.9833, 44.5543, 19.3842, 38.399, 5, 861922731048828928
270, 16.986, 44.4475, 19.2455, 38.4732, 5, 861922731048828928
271, 17.8447, 44.4475, 19.5607, 38.399, 5, 861922731048828928
272, 17.2293, 45.3199, 19.2455, 38.399, 5, 861922731048828928
273, 17.2293, 45.3883, 20.3873, 38.399, 5, 861922731048828928
274, 17.5025, 44.4475, 19.2455, 38.399, 5, 861922731048828928
275, 17.4755, 44.4475, 19.2455, 38.399, 5, 861922731048828928
276, 17.2293, 44.4475, 19.2455, 39.0511, 5, 861922731048828928
277, 17.5954, 44.4475, 19.2455, 39.8058, 5, 861922731048828928
278, 17.2293, 44.4475, 19.2455, 38.399, 5, 861922731048828928
279, 17.2087, 44.4475, 19.2455, 38.7795, 5, 861922731048828928
280, 17.2293, 44.4475, 19.2455, 37.9808, 5, 861922731048828928
281, 17.2293, 44.4475, 20.3774, 38.399, 5, 861922731048828928
282, 17.2293, 44.4475, 19.2455, 38.399, 5, 861922731048828928
283, 17.2293, 44.4475, 19.2455, 38.399, 5, 861922731048828928
284, 17.2293, 44.4475, 19.2455, 38.3746, 5, 861922731048828928
285, 17.2293, 44.4475, 19.4336, 39.5152, 5, 861922731048828928
286, 17.2293, 44.3282, 19.659, 38.2065, 5, 861922731048828928
287, 16.9541, 44.028, 18.8846, 38.9804, 5, 861922731048828928
288, 18.0933, 44.6336, 19.2455, 39.1737, 5, 861922731048828928
289, 17.2293, 45.6189, 19.2455, 38.399, 5, 861922731048828928
290, 17.2293, 44.6971, 18.9859, 39.0953, 5, 861922731048828928
291, 17.2087, 45.8812, 19.2455, 38.1648, 5, 861922731048828928
292, 18.521, 44.4475, 20.2265, 38.9279, 5, 861922731048828928
293, 17.2293, 44.4475, 19.2455, 38.399, 5, 861922731048828928
294, 17.2293, 45.0435, 19.005, 38.0999, 5, 861922731048828928
295, 17.2293, 44.3062, 19.2455, 38.399, 5, 861922731048828928
296, 18.4197, 45.1128, 20.5353, 38.399, 5, 861922731048828928
297, 16.8894, 45.1826, 19.2455, 37.9704, 5, 861922731048828928
298, 19.4217, 44.4475, 20.131, 38.399, 5, 861922731048828928
299, 17.3012, 45.0962, 19.7445, 38.5249, 5, 861922731048828928
300, 17.2293, 44.2758, 19.2455, 38.399, 5, 861922731048828928
301, 17.2293, 45.4231, 19.1498, 38.9806, 5, 861922731048828928
302, 17.2293, 43.9007, 19.455, 38.399, 5, 861922731048828928
303, 18.1969, 44.4475, 19.2455, 38.399, 5, 861922731048828928
304, 17.2868, 44.4475, 18.7296, 38.399, 5, 861922731048828928
305, 17.2293, 44.6768, 20.3873, 37.9122, 5, 861922731048828928
306, 17.2293, 44.3282, 20.5375, 38.3796, 5, 861922731048828928
307, 17.2293, 44.4475, 18.7272, 39.0477, 5, 861922731048828928
308, 18.6459, 45.3872, 18.8739, 38.399, 5, 861922731048828928
309, 17.2293, 44.054, 19.2455, 38.399, 5, 861922731048828928
310, 17.6402, 44.9567, 19.2455, 38.1249, 5, 861922731048828928
311, 17.2149, 44.4959, 19.2455, 38.399, 5, 861922731048828928
312, 19.4573, 44.4475, 19.8942, 37.9127, 5, 861922731048828928
313, 18.054, 45.8114, 19.2455, 38.399, 5, 861922731048828928
314, 17.2293, 44.4475, 19.2455, 38.399, 5, 861922731048828928
315, 17.2293, 44.4475, 19.2455, 38.399, 5, 861922731048828928
316, 17.3012, 44.34, 19.2455, 38.399, 5, 861922731048828928
317, 18.0315, 44.9397, 20.2062, 39.7776, 5, 861922731048828928
318, 17.2293, 44.4475, 19.2455, 38.399, 5, 861922731048828928
319, 17.2293, 44.4475, 19.9695, 38.0108, 5, 861922731048828928
320, 17.2875, 44.6518, 19.9069, 37.9122, 5, 861922731048828928
321, 17.2293, 44.4475, 19.2455, 38.399, 5, 861922731048828928
322, 17.2293, 44.4475, 19.6525, 38.399, 5, 861922731048828928
323, 17.1293, 44.4475, 19.2455, 38.399, 5, 861922731048828928
324, 17.6561, 44.828, 19.2455, 38.7303, 5, 861922731048828928
325, 17.2293, 44.4475, 19.2455, 38.399, 5, 861922731048828928
326, 18.5236, 44.4475, 19.8733, 38.399, 5, 861922731048828928
327, 17.5931, 44.5524, 19.2455, 38.399, 5, 861922731048828928
328, 17.2293, 44.4475, 21.3093, 38.1153, 5, 861922731048828928
329, 17.2293, 45.04, 20.3512, 38.4837, 5, 861922731048828928
330, 17.2293, 44.4475, 19.2455, 38.399, 5, 861922731048828928
331, 19.1705, 44.593, 19.2455, 38.865, 5, 861922731048828928
332, 17.2293, 44.4475, 19.2455, 38.2404, 5, 861922731048828928
333, 17.2293, 45.6411, 19.2455, 38.5544, 5, 861922731048828928
334, 17.8856, 44.4475, 20.8675, 38.7805, 5, 861922731048828928
335, 17.2293, 44.4475, 19.2455, 38.0835, 5, 861922731048828928
336, 17.8935, 44.4475, 19.1769, 39.0389, 5, 861922731048828928
337, 17.2293, 44.4475, 19.2455, 38.399, 5, 861922731048828928
338, 20.0161, 44.4475, 18.8925, 38.1826, 5, 861922731048828928
339, 16.9499, 44.4475, 21.4615, 39.8396, 5, 861922731048828928
340, 17.2293, 44.4475, 19.1984, 38.0248, 5, 861922731048828928
341, 17.0257, 45.3375, 19.2455, 38.399, 5, 861922731048828928
342, 16.9265, 44.4475, 19.2455, 38.399, 5, 861922731048828928
343, 17.2293, 44.4475, 19.0378, 38.399, 5, 861922731048828928
344, 17.2293, 45.8154, 20.7871, 38.8994, 5, 861922731048828928
345, 17.2293, 44.4475, 19.2455, 38.4979, 5, 861922731048828928
346, 16.9115, 44.2662, 19.2455, 38.9249, 5, 861922731048828928
347, 18.0933, 44.5919, 19.6648, 39.9501, 5, 861922731048828928
348, 17.3285, 44.5919, 19.2653, 38.399, 5, 861922731048828928
349, 18.123, 44.876, 19.2455, 38.399, 5, 861922731048828928
350, 17.2293, 45.8154, 20.1802, 38.7497, 5, 861922731048828928
351, 17.5651, 44.4475, 19.7257, 38.399, 5, 861922731048828928
352, 16.9658, 44.69, 19.2455, 38.399, 5, 861922731048828928
353, 16.7727, 44.6982, 19.2455, 38.3142, 5, 861922731048828928
354, 17.2293, 44.9854, 20.3873, 38.399, 5, 861922731048828928
355, 17.2293, 44.4475, 19.8976, 38.399, 5, 861922731048828928
356, 17.2293, 44.8674, 20.3873, 38.399, 5, 861922731048828928
357, 17.2745, 44.6309, 19.2455, 37.9091, 5, 861922731048828928
358, 19.1705, 46.364, 19.1474, 38.399, 5, 861922731048828928
359, 17.2293, 44.06, 20.3502, 38.6593, 5, 861922731048828928
360, 17.2293, 44.4475, 19.2455, 38.4904, 5, 861922731048828928
361, 17.2293, 44.4475, 19.2455, 38.399, 5, 861922731048828928
362, 18.4197, 50.4212, 20.5659, 38.399, 5, 861922731048828928
363, 17.2293, 44.7966, 19.3886, 38.544, 5, 861922731048828928
364, 17.2293, 48.0156, 19.032, 39.1737, 5, 861922731048828928
365, 17.2293, 44.2492, 19.2455, 39.6243, 5, 861922731048828928
366, 17.4463, 44.4475, 19.2455, 38.7877, 5, 861922731048828928
367, 17.2293, 44.4475, 19.2455, 38.399, 5, 861922731048828928
368, 17.878, 44.4068, 19.9753, 38.3484, 5, 861922731048828928
369, 19.643, 43.9995, 19.2455, 38.0745, 5, 861922731048828928
370, 17.2293, 44.4475, 19.2455, 38.9586, 5, 861922731048828928
371, 17.7798, 44.4475, 19.2455, 39.8058, 5, 861922731048828928
372, 17.2293, 45.2656, 19.8942, 38.612, 5, 861922731048828928
373, 17.2293, 44.4475, 19.2455, 38.399, 5, 861922731048828928
374, 17.2293, 45.6185, 19.2455, 40.2349, 5, 861922731048828928
375, 17.2293, 44.0683, 19.4898, 38.399, 5, 861922731048828928
376, 19.979, 44.4475, 20.4884, 38.3047, 5, 861922731048828928
377, 17.2127, 44.4475, 21.0242, 38.399, 5, 861922731048828928
378, 17.2293, 43.6834, 19.2234, 38.6457, 5, 861922731048828928
379, 17.2293, 44.3539, 19.1443, 38.399, 5, 861922731048828928
380, 17.2948, 44.9826, 19.2455, 38.399, 5, 861922731048828928
381, 17.2293, 45.6077, 18.8178, 38.399, 5, 861922731048828928
382, 18.1087, 44.4475, 20.3873, 38.399, 5, 861922731048828928
383, 17.2293, 44.4475, 23.5769, 38.399, 5, 861922731048828928
384, 16.514, 44.4475, 19.2455, 38.399, 5, 861922731048828928
385, 17.5299, 45.1118, 20.8248, 38.399, 5, 861922731048828928
386, 18.1817, 45.3128, 19.2455, 38.0835, 5, 861922731048828928
387, 18.449, 44.4475, 20.131, 38.399, 5, 861922731048828928
388, 17.2293, 45.0684, 19.2455, 38.399, 5, 861922731048828928
389, 17.3299, 43.8349, 19.2455, 38.0055, 5, 861922731048828928
390, 17.2865, 45.3872, 19.2943, 38.0953, 5, 861922731048828928
391, 17.5954, 44.4475, 19.1955, 38.399, 5, 861922731048828928
392, 17.4755, 43.9723, 19.2455, 38.399, 5, 861922731048828928
393, 17.2293, 44.4475, 19.2455, 38.399, 5, 861922731048828928
394, 17.2293, 44.8501, 19.2455, 38.399, 5, 861922731048828928
395, 17.8072, 44.4475, 23.247, 38.2177, 5, 861922731048828928
396, 18.4709, 44.4475, 19.2455, 38.8223, 5, 861922731048828928
397, 17.2293, 44.4475, 20.3774, 38.399, 5, 861922731048828928
398, 18.4197, 44.4475, 19.2909, 39.5152, 5, 861922731048828928
399, 17.4311, 44.4475, 21.1216, 38.399, 5, 861922731048828928
400, 16.9991, 44.4475, 19.2455, 38.399, 5, 861922731048828928
401, 17.3684, 44.4068, 19.0739, 38.3484, 5, 861922731048828928
402, 17.6323, 47.4654, 18.9941, 38.399, 5, 861922731048828928
403, 17.2293, 44.4475, 19.2455, 38.5136, 5, 861922731048828928
404, 17.2293, 44.4475, 19.2455, 38.399, 5, 861922731048828928
405, 17.5603, 44.4475, 20.4959, 38.399, 5, 861922731048828928
406, 17.1162, 44.4475, 19.2455, 38.399, 5, 861922731048828928
407, 16.7353, 45.6993, 19.2455, 38.399, 5, 861922731048828928
408, 17.2293, 44.1968, 19.2455, 38.399, 5, 861922731048828928
409, 17.2293, 44.6314, 20.089, 38.054, 5, 861922731048828928
410, 17.2293, 44.511, 19.2455, 38.0218, 5, 861922731048828928
411, 19.5284, 46.7002, 18.9, 38.399, 5, 861922731048828928
412, 17.2293, 44.4475, 19.0357, 38.0835, 5, 861922731048828928
413, 17.2293, 45.2751, 20.3502, 38.399, 5, 861922731048828928
414, 17.2293, 44.4475, 19.0638, 38.1983, 5, 861922731048828928
415, 16.9265, 44.4475, 19.0572, 38.399, 5, 861922731048828928
416, 17.8969, 47.1391, 19.2455, 38.1382, 5, 861922731048828928
417, 17.2293, 44.0926, 19.2455, 38.399, 5, 861922731048828928
418, 17.2293, 44.4475, 19.2455, 38.399, 5, 861922731048828928
419, 17.2293, 44.4475, 18.7954, 38.399, 5, 861922731048828928
420, 17.5603, 44.4475, 20.2815, 38.399, 5, 861922731048828928
421, 17.2293, 44.4475, 19.7062, 42.5982, 5, 861922731048828928
422, 17.2293, 44.1654, 19.2455, 38.399, 5, 861922731048828928
423, 18.518, 44.9826, 18.9638, 38.399, 5, 861922731048828928
424, 17.6219, 44.2274, 19.455, 38.399, 5, 861922731048828928
425, 17.0996, 44.4475, 19.3886, 38.0229, 5, 861922731048828928
426, 17.2293, 44.4475, 19.7215, 38.399, 5, 861922731048828928
427, 17.2293, 44.4475, 20.1929, 38.8441, 5, 861922731048828928
428, 17.2293, 45.4772, 19.2455, 38.399, 5, 861922731048828928
429, 17.2293, 44.4475, 19.2455, 38.3746, 5, 861922731048828928
430, 19.6763, 45.6189, 19.2455, 38.399, 5, 861922731048828928
431, 17.2293, 44.4475, 19.2455, 38.399, 5, 861922731048828928
432, 17.2293, 43.9216, 20.7389, 38.399, 5, 861922731048828928
433, 17.2293, 44.4475, 19.2455, 38.399, 5, 861922731048828928
434, 21.6217, 47.4363, 19.2455, 38.399, 5, 861922731048828928
435, 16.9265, 44.4475, 18.9131, 39.2966, 5, 861922731048828928
436, 17.2293, 44.8186, 20.5806, 39.6583, 5, 861922731048828928
437, 17.2765, 44.4475, 19.2455, 38.399, 5, 861922731048828928
438, 17.0878, 45.2656, 19.2455, 38.4949, 5, 861922731048828928
439, 17.2293, 44.5322, 19.2455, 38.399, 5, 861922731048828928
440, 17.1411, 45.1031, 19.6945, 38.399, 5, 861922731048828928
441, 17.2293, 44.2433, 19.9362, 38.399, 5, 861922731048828928
442, 16.7924, 44.4475, 19.7901, 38.2837, 5, 861922731048828928
443, 17.2293, 44.9722, 19.2455, 38.399, 5, 861922731048828928
444, 17.2293, 45.9724, 22.4729, 38.6734, 5, 861922731048828928
445, 17.2293, 45.1128, 19.2455, 38.399, 5, 861922731048828928
446, 17.2293, 44.4475, 19.2979, 38.399, 5, 861922731048828928
447, 17.2293, 44.4475, 20.5297, 39.4408, 5, 861922731048828928
448, 16.8719, 44.4475, 19.907, 38.4993, 5, 861922731048828928
449, 17.2293, 44.3372, 19.5778, 38.399, 5, 861922731048828928
450, 17.2293, 44.4475, 19.1278, 38.399, 5, 861922731048828928
451, 17.2293, 44.4896, 18.8676, 38.399, 5, 861922731048828928
452, 17.54, 44.4475, 20.5806, 38.7116, 5, 861922731048828928
453, 17.1923, 44.7382, 19.1612, 39.535, 5, 861922731048828928
454, 17.2293, 44.4475, 19.2455, 38.399, 5, 861922731048828928
455, 18.4197, 44.4475, 19.2455, 39.1737, 5, 861922731048828928
456, 17.2293, 44.4475, 19.6648, 38.399, 5, 861922731048828928
457, 17.2293, 44.4475, 19.2455, 38.399, 5, 861922731048828928
458, 17.2293, 44.9567, 19.2455, 38.399, 5, 861922731048828928
459, 17.2293, 44.4475, 19.2455, 38.399, 5, 861922731048828928
460, 17.2293, 43.9728, 19.2455, 43.829, 5, 861922731048828928
461, 17.3648, 44.4475, 20.1637, 38.399, 5, 861922731048828928
462, 17.2293, 44.4475, 19.2455, 38.4293, 5, 861922731048828928
463, 17.2293, 44.3562, 18.7102, 39.6396, 5, 861922731048828928
464, 17.2293, 44.4475, 19.2455, 38.399, 5, 861922731048828928
465, 18.3277, 45.0502, 18.8485, 38.0112, 5, 861922731048828928
466, 17.2293, 45.3883, 19.2455, 38.399, 5, 861922731048828928
467, 17.1963, 44.4475, 19.2455, 38.1817, 5, 861922731048828928
468, 18.5236, 45.1128, 19.2773, 38.638, 5, 861922731048828928
469, 17.2293, 45.9152, 19.3924, 38.399, 5, 861922731048828928
470, 17.2293, 44.4475, 19.2455, 38.399, 5, 861922731048828928
471, 17.2293, 44.4475, 19.1474, 39.8486, 5, 861922731048828928
472, 17.2293, 44.4396, 19.2455, 38.399, 5, 861922731048828928
473, 17.2293, 45.0376, 19.2455, 38.7576, 5, 861922731048828928
474, 17.2293, 44.4475, 19.2455, 40.959, 5, 861922731048828928
475, 16.949, 44.4475, 19.2661, 38.399, 5, 861922731048828928
476, 17.2293, 44.6596, 19.6565, 39.2031, 5, 861922731048828928
477, 18.4197, 44.1845, 19.2455, 39.1737, 5, 861922731048828928
478, 17.2293, 44.4475, 19.2455, 38.399, 5, 861922731048828928
479, 17.2293, 44.8447, 19.2455, 38.399, 5, 861922731048828928
480, 17.2293, 44.4475, 19.2455, 38.8237, 5, 861922731048828928
481, 17.2293, 44.4475, 19.0445, 38.399, 5, 861922731048828928
482, 17.2293, 45.5642, 19.2979, 38.6813, 5, 861922731048828928
483, 17.3486, 44.4475, 19.2455, 38.399, 5, 861922731048828928
484, 17.2644, 44.9392, 19.2455, 38.1648, 5, 861922731048828928
485, 17.2293, 44.4475, 19.107, 38.399, 5, 861922731048828928
486, 17.0096, 44.4475, 20.6178, 38.399, 5, 861922731048828928
487, 17.2293, 45.0962, 18.9619, 38.399, 5, 861922731048828928
488, 17.2293, 44.1968, 19.2455, 38.399, 5, 861922731048828928
489, 17.2293, 44.4475, 19.2455, 40.5929, 5, 861922731048828928
490, 17.2293, 44.5727, 19.2455, 38.9931, 5, 861922731048828928
491, 17.3934, 44.4475, 19.6796, 38.399, 5, 861922731048828928
492, 17.2293, 45.3872, 18.9202, 38.7437, 5, 861922731048828928
493, 17.2293, 44.4475, 19.7302, 38.399, 5, 861922731048828928
494, 17.2293, 45.3199, 19.4252, 38.544, 5, 861922731048828928
495, 17.2293, 44.4475, 19.2455, 39.6017, 5, 861922731048828928
496, 17.2293, 45.3024, 19.0471, 38.399, 5, 861922731048828928
497, 17.2908, 44.3453, 18.8854, 39.0477, 5, 861922731048828928
498, 17.2293, 44.4475, 19.2211, 38.399, 5, 861922731048828928
499, 18.322, 44.5543, 19.8942, 38.4683, 5, 861922731048828928
500, 17.7547, 44.4475, 19.2455, 39.1737, 5, 861922731048828928
501, 16.9112, 44.4475, 18.7082, 38.0963, 5, 861922731048828928
502, 17.2293, 43.872, 19.2455, 39.2568, 5, 861922731048828928
503, 17.2293, 44.4475, 19.5907, 38.399, 5, 861922731048828928
504, 17.2293, 44.4475, 18.8234, 38.399, 5, 861922731048828928
505, 16.9755, 44.3466, 19.4868, 38.399, 5, 861922731048828928
506, 17.0823, 44.4475, 19.2455, 38.399, 5, 861922731048828928
507, 17.2293, 44.4475, 19.2455, 38.399, 5, 861922731048828928
508, 17.2293, 45.6189, 19.1898, 38.399, 5, 861922731048828928
509, 17.2293, 44.4475, 19.2455, 38.399, 5, 861922731048828928
510, 16.8498, 44.4475, 19.2455, 38.2768, 5, 861922731048828928
511, 16.9045, 44.5158, 20.4378, 38.399, 5, 861922731048828928
512, 17.2293, 44.4475, 19.2455, 38.399, 5, 861922731048828928
513, 17.156, 44.4475, 19.0677, 39.8423, 5, 861922731048828928
514, 17.3613, 44.4475, 19.2455, 38.399, 5, 861922731048828928
515, 17.2293, 44.8852, 19.4382, 37.8561, 5, 861922731048828928
516, 17.2293, 44.4475, 19.0739, 38.399, 5, 861922731048828928
517, 17.2127, 44.4475, 21.0242, 38.399, 5, 861922731048828928
518, 17.2293, 44.9275, 19.4177, 38.399, 5, 861922731048828928
519, 17.2293, 44.4475, 19.2455, 38.4949, 5, 861922731048828928
520, 18.0566, 44.4475, 19.4868, 38.399, 5, 861922731048828928
521, 18.5236, 45.7012, 21.6716, 38.399, 5, 861922731048828928
522, 17.2293, 44.4475, 19.7962, 38.399, 5, 861922731048828928
523, 18.0514, 44.4475, 19.2455, 37.7693, 5, 861922731048828928
524, 17.2293, 45.0962, 19.2455, 42.1433, 5, 861922731048828928
525, 17.2318, 44.4475, 19.2455, 38.399, 5, 861922731048828928
526, 17.2293, 45.68, 19.2455, 38.399, 5, 861922731048828928
527, 19.3073, 44.4475, 19.2455, 38.5585, 5, 861922731048828928
528, 17.2293, 45.9724, 20.2563, 38.6734, 5, 861922731048828928
529, 17.2293, 45.0962, 19.2455, 40.662, 5, 861922731048828928
530, 17.2293, 44.4475, 19.9362, 38.399, 5, 861922731048828928
531, 17.2293, 44.4475, 19.2455, 38.399, 5, 861922731048828928
532, 16.9541, 45.1128, 21.0242, 39.0571, 5, 861922731048828928
533, 17.2293, 44.4475, 18.9219, 38.399, 5, 861922731048828928
534, 17.2293, 44.4475, 19.2455, 38.8226, 5, 861922731048828928
535, 17.2293, 44.4475, 19.2455, 39.1688, 5, 861922731048828928
536, 19.3299, 44.4475, 19.9804, 38.6183, 5, 861922731048828928
537, 17.2293, 44.4475, 19.2455, 39.1264, 5, 861922731048828928
538, 17.2293, 44.4475, 19.2455, 38.399, 5, 861922731048828928
539, 17.2293, 46.1893, 19.2455, 38.3544, 5, 861922731048828928
540, 17.2293, 44.4475, 19.2455, 38.399, 5, 861922731048828928
541, 17.8318, 44.4475, 19.866, 39.0907, 5, 861922731048828928
542, 17.6561, 44.1244, 19.351, 38.9962, 5, 861922731048828928
543, 16.8597, 44.4475, 19.2455, 38.399, 5, 861922731048828928
544, 17.2293, 44.4475, 19.5907, 38.2758, 5, 861922731048828928
545, 17.2293, 45.2279, 19.1278, 38.399, 5, 861922731048828928
546, 17.2293, 44.4475, 19.2455, 38.4458, 5, 861922731048828928
547, 17.2293, 44.4475, 19.2455, 38.399, 5, 861922731048828928
548, 17.2293, 44.4475, 19.2455, 38.9526, 5, 861922731048828928
549, 17.2587, 44.4475, 19.2455, 38.399, 5, 861922731048828928
550, 17.2293, 44.491, 19.9865, 38.399, 5, 861922731048828928
551, 18.0933, 44.0937, 19.2455, 38.5776, 5, 861922731048828928
552, 18.6657, 44.5634, 19.5906, 38.399, 5, 861922731048828928
553, 17.878, 44.7642, 19.8329, 38.8822, 5, 861922731048828928
554, 17.2293, 44.4475, 19.2455, 38.2832, 5, 861922731048828928
555, 18.0251, 44.4475, 19.2455, 38.399, 5, 861922731048828928
556, 17.9476, 44.4461, 19.2455, 38.399, 5, 861922731048828928
557, 17.2908, 44.4475, 19.866, 38.399, 5, 861922731048828928
558, 17.154, 45.8336, 19.4868, 38.8649, 5, 861922731048828928
559, 17.2293, 44.4396, 19.6353, 38.399, 5, 861922731048828928
560, 17.2293, 44.6218, 19.2455, 38.399, 5, 861922731048828928
561, 17.2293, 44.8619, 19.2455, 38.3208, 5, 861922731048828928
562, 16.6691, 44.3803, 19.2455, 38.399, 5, 861922731048828928
563, 17.417, 45.6567, 19.5999, 38.399, 5, 861922731048828928
564, 17.2293, 44.4475, 19.6856, 38.399, 5, 861922731048828928
565, 18.5903, 44.4475, 18.7826, 38.399, 5, 861922731048828928
566, 17.2293, 44.1968, 19.2455, 38.399, 5, 861922731048828928
567, 17.5735, 45.0079, 19.2455, 38.6944, 5, 861922731048828928
568, 17.2293, 44.4475, 19.2455, 38.399, 5, 861922731048828928
569, 17.2293, 44.4475, 20.8675, 38.399, 5, 861922731048828928
570, 16.9822, 44.4624, 19.6302, 39.1737, 5, 861922731048828928
571, 17.2293, 44.4475, 19.0145, 38.8226, 5, 861922731048828928
572, 17.2293, 44.4475, 19.2455, 38.399, 5, 861922731048828928
573, 17.2293, 44.4475, 19.2455, 39.7409, 5, 861922731048828928
574, 17.0139, 44.6281, 19.2455, 38.399, 5, 861922731048828928
575, 16.6719, 44.4475, 19.1407, 38.399, 5, 861922731048828928
576, 18.5215, 44.4475, 19.2773, 39.1737, 5, 861922731048828928
577, 17.2293, 44.4475, 19.4382, 39.1688, 5, 861922731048828928
578, 19.1035, 44.7966, 19.3674, 38.399, 5, 861922731048828928
579, 19.041, 44.4475, 19.2773, 38.399, 5, 861922731048828928
580, 17.2293, 44.4475, 19.2455, 38.3806, 5, 861922731048828928
581, 17.4212, 44.4475, 20.4959, 38.399, 5, 861922731048828928
582, 17.2293, 44.0425, 19.2455, 38.399, 5, 861922731048828928
583, 17.2293, 44.4475, 20.8286, 38.399, 5, 861922731048828928
584, 16.8866, 44.4475, 20.7135, 39.1456, 5, 861922731048828928
585, 17.2293, 44.1992, 19.2455, 38.399, 5, 861922731048828928
586, 17.2293, 44.4475, 19.2455, 38.399, 5, 861922731048828928
587, 17.2293, 44.4475, 19.2455, 37.8805, 5, 861922731048828928
588, 18.322, 43.966, 19.1091, 39.0639, 5, 861922731048828928
589, 17.2293, 44.38, 19.2455, 38.399, 5, 861922731048828928
590, 17.2293, 44.1934, 19.2021, 38.399, 5, 861922731048828928
591, 17.2293, 44.4475, 19.2455, 38.399, 5, 861922731048828928
592, 17.2293, 44.4475, 19.2455, 38.399, 5, 861922731048828928
593, 17.51, 44.4475, 19.0733, 38.7116, 5, 861922731048828928
594, 17.0262, 44.6157, 19.2455, 38.6624, 5, 861922731048828928
595, 17.2293, 48.0076, 19.3884, 38.399, 5, 861922731048828928
596, 17.2431, 44.2678, 18.9752, 38.399, 5, 861922731048828928
597, 17.2293, 44.4475, 19.2455, 38.0658, 5, 861922731048828928
598, 16.6447, 44.4475, 19.2455, 38.399, 5, 861922731048828928
599, 17.2293, 44.3914, 19.2455, 38.399, 5, 861922731048828928
600, 17.2293, 44.7652, 19.2455, 39.1456, 5, 861922731048828928
601, 17.2149, 44.4475, 19.2455, 38.399, 5, 861922731048828928
602, 17.5338, 44.4475, 19.2455, 38.3851, 5, 861922731048828928
603, 17.7409, 44.556, 19.2455, 38.399, 5, 861922731048828928
604, 17.1248, 44.4475, 19.2455, 38.399, 5, 861922731048828928
605, 17.2293, 44.6724, 19.2455, 38.638, 5, 861922731048828928
606, 17.8072, 44.5497, 19.2455, 38.399, 5, 861922731048828928
607, 17.8969, 44.3095, 19.2455, 38.399, 5, 861922731048828928
608, 17.2293, 44.7091, 19.4345, 38.5813, 5, 861922731048828928
609, 17.2293, 45.0684, 19.2455, 38.399, 5, 861922731048828928
610, 17.2293, 44.8849, 19.2558, 40.5929, 5, 861922731048828928
611, 17.2293, 44.3911, 19.2455, 39.3083, 5, 861922731048828928
612, 17.2293, 44.4475, 19.2455, 38.399, 5, 861922731048828928
613, 17.2293, 43.9552, 19.9753, 38.399, 5, 861922731048828928
614, 17.2293, 44.4475, 20.2903, 38.399, 5, 861922731048828928
615, 16.823, 44.2158, 19.2455, 38.399, 5, 861922731048828928
616, 17.2293, 46.4969, 21.7156, 38.399, 5, 861922731048828928
617, 17.9581, 44.4475, 19.2024, 38.399, 5, 861922731048828928
618, 17.2293, 44.4475, 19.3425, 38.399, 5, 861922731048828928
619, 17.1963, 44.5543, 19.6935, 38.399, 5, 861922731048828928
620, 17.2293, 44.4373, 19.2455, 38.399, 5, 861922731048828928
621, 16.7418, 44.7382, 19.2455, 38.399, 5, 861922731048828928
622, 17.2975, 44.4475, 19.0677, 38.399, 5, 861922731048828928
623, 17.3961, 44.4475, 19.3428, 38.34, 5, 861922731048828928
624, 18.407, 44.0458, 19.2455, 39.4408, 5, 861922731048828928
625, 17.2293, 44.4475, 19.4836, 38.399, 5, 861922731048828928
626, 18.2572, 43.8709, 19.2455, 38.399, 5, 861922731048828928
627, 17.2293, 45.2777, 19.7498, 37.9586, 5, 861922731048828928
628, 17.6545, 44.4475, 19.2909, 39.5152, 5, 861922731048828928
629, 17.5931, 44.4475, 19.3187, 38.399, 5, 861922731048828928
630, 17.5735, 44.6733, 19.2455, 38.399, 5, 861922731048828928
631, 17.2293, 44.4475, 19.8515, 38.8588, 5, 861922731048828928
632, 17.4222, 44.4475, 19.2455, 38.399, 5, 861922731048828928
633, 17.2293, 44.4475, 20.2906, 38.399, 5, 861922731048828928
634, 17.1139, 44.4624, 19.2455, 38.399, 5, 861922731048828928
635, 17.2293, 44.4475, 19.2455, 39.5687, 5, 861922731048828928
636, 16.9272, 44.7055, 19.2455, 38.399, 5, 861922731048828928
637, 17.2293, 44.4475, 23.2361, 38.399, 5, 861922731048828928
638, 17.8072, 51.7122, 19.2455, 38.399, 5, 861922731048828928
639, 17.2293, 44.4475, 19.2455, 39.5596, 5, 861922731048828928
640, 17.2293, 45.1128, 19.2773, 38.638, 5, 861922731048828928
641, 17.2293, 44.4475, 19.1609, 38.399, 5, 861922731048828928
642, 17.2293, 44.4475, 19.2455, 38.2431, 5, 861922731048828928
643, 17.2293, 47.6103, 20.3873, 38.9526, 5, 861922731048828928
644, 17.2293, 44.4356, 19.9753, 38.399, 5, 861922731048828928
645, 20.7129, 44.4475, 19.2773, 39.1737, 5, 861922731048828928
646, 17.2293, 44.4475, 19.2455, 37.9664, 5, 861922731048828928
647, 18.521, 44.4475, 19.2455, 39.8015, 5, 861922731048828928
648, 17.2293, 44.4475, 19.2796, 40.2912, 5, 861922731048828928
649, 16.9279, 44.4475, 19.1055, 38.6825, 5, 861922731048828928
650, 17.2293, 44.4475, 19.2455, 38.399, 5, 861922731048828928
651, 16.662, 45.0962, 19.2935, 38.4993, 5, 861922731048828928
652, 17.2293, 44.7966, 19.2455, 38.399, 5, 861922731048828928
653, 17.3285, 46.8336, 19.2455, 38.3182, 5, 861922731048828928
654, 17.2293, 44.4475, 19.2455, 39.213, 5, 861922731048828928
655, 17.2293, 44.4475, 18.6885, 38.399, 5, 861922731048828928
656, 17.2293, 44.4475, 20.5297, 38.399, 5, 861922731048828928
657, 17.6299, 44.7966, 20.6387, 38.399, 5, 861922731048828928
658, 17.2293, 44.7107, 18.9539, 38.0999, 5, 861922731048828928
659, 19.7043, 45.0684, 19.2455, 38.2338, 5, 861922731048828928
660, 17.2293, 44.4475, 19.1351, 38.4656, 5, 861922731048828928
661, 17.2968, 45.1031, 19.7878, 38.399, 5, 861922731048828928
662, 22.3189, 44.5893, 19.9804, 38.399, 5, 861922731048828928
663, 17.2293, 44.4475, 19.2455, 38.399, 5, 861922731048828928
664, 18.1622, 44.864, 19.4936, 38.399, 5, 861922731048828928
665, 17.2293, 44.4475, 19.2455, 38.7303, 5, 861922731048828928
666, 17.2293, 44.4475, 19.2455, 38.0055, 5, 861922731048828928
667, 17.2293, 44.9189, 20.3502, 38.399, 5, 861922731048828928
668, 17.1363, 44.4475, 19.7901, 38.399, 5, 861922731048828928
669, 17.2293, 44.4475, 20.5806, 38.399, 5, 861922731048828928
670, 17.2293, 44.4475, 20.2613, 38.399, 5, 861922731048828928
671, 17.2207, 44.4475, 19.2455, 38.399, 5, 861922731048828928
672, 17.2792, 44.4475, 19.1768, 39.0477, 5, 861922731048828928
673, 20.9139, 43.9533, 19.2455, 38.0812, 5, 861922731048828928
674, 17.5544, 43.8631, 19.2455, 38.399, 5, 861922731048828928
675, 17.2293, 44.4475, 19.7302, 38.399, 5, 861922731048828928
676, 17.3934, 44.6929, 19.6796, 39.1264, 5, 861922731048828928
677, 17.1963, 44.4475, 20.7135, 38.399, 5, 861922731048828928
678, 17.2293, 44.4475, 20.1761, 38.399, 5, 861922731048828928
679, 17.8214, 44.2235, 20.5297, 38.399, 5, 861922731048828928
680, 17.2293, 44.9858, 19.2455, 39.4654, 5, 861922731048828928
681, 18.0784, 44.028, 18.9328, 38.399, 5, 861922731048828928
682, 17.2293, 44.4475, 19.2455, 38.0967, 5, 861922731048828928
683, 18.3952, 44.7398, 20.5297, 38.6317, 5, 861922731048828928
684, 17.3075, 44.4475, 19.2455, 38.399, 5, 861922731048828928
685, 17.2293, 44.4475, 20.1761, 38.3469, 5, 861922731048828928
686, 17.2293, 44.9498, 20.9867, 38.6348, 5, 861922731048828928
687, 17.2293, 44.4475, 20.4959, 38.399, 5, 861922731048828928
688, 17.2293, 44.4475, 19.2455, 38.399, 5, 861922731048828928
689, 17.2293, 44.4475, 19.2455, 38.0926, 5, 861922731048828928
690, 17.2293, 44.4475, 19.2455, 38.5296, 5, 861922731048828928
691, 17.2175, 44.4475, 19.2455, 38.399, 5, 861922731048828928
692, 16.5631, 44.9028, 19.2455, 38.399, 5, 861922731048828928
693, 17.2293, 44.4475, 19.2455, 38.399, 5, 861922731048828928
694, 17.2293, 45.0684, 18.762, 38.399, 5, 861922731048828928
695, 16.8388, 46.5497, 18.852, 39.2383, 5, 861922731048828928
696, 17.2293, 44.4475, 19.2455, 40.0564, 5, 861922731048828928
697, 16.7295, 44.4475, 19.6302, 38.399, 5, 861922731048828928
698, 17.2293, 44.9528, 20.5297, 38.3303, 5, 861922731048828928
699, 17.2293, 44.4475, 19.4345, 38.399, 5, 861922731048828928
700, 17.2293, 44.4475, 19.2455, 39.801, 5, 861922731048828928
701, 16.7295, 44.4475, 20.5806, 38.2188, 5, 861922731048828928
702, 18.5903, 44.4475, 19.3125, 39.1688, 5, 861922731048828928
703, 18.9271, 44.5543, 20.0919, 37.8063, 5, 861922731048828928
704, 17.8214, 45.0962, 19.2455, 39.4532, 5, 861922731048828928
705, 17.8072, 44.9858, 19.4901, 38.399, 5, 861922731048828928
706, 17.2293, 44.2649, 19.2455, 38.399, 5, 861922731048828928
707, 17.2293, 44.4475, 19.1278, 38.399, 5, 861922731048828928
708, 17.2293, 44.4475, 19.2455, 38.399, 5, 861922731048828928
709, 17.3123, 44.4475, 19.2455, 38.399, 5, 861922731048828928
710, 17.5281, 44.4475, 19.2455, 38.399, 5, 861922731048828928
711, 17.3423, 44.2211, 19.2455, 38.399, 5, 861922731048828928
712, 18.5274, 44.4475, 19.855, 38.2982, 5, 861922731048828928
713, 17.2293, 44.4475, 19.2729, 38.399, 5, 861922731048828928
714, 17.9646, 44.2138, 19.2455, 38.399, 5, 861922731048828928
715, 17.2293, 44.4475, 19.2455, 38.399, 5, 861922731048828928
716, 17.2293, 44.4892, 19.2455, 38.399, 5, 861922731048828928
717, 17.1465, 44.4475, 18.4652, 38.399, 5, 861922731048828928
718, 17.2293, 43.9505, 19.2455, 38.4401, 5, 861922731048828928
719, 16.986, 44.4475, 19.2455, 38.973, 5, 861922731048828928
720, 17.2293, 44.2323, 19.028, 38.399, 5, 861922731048828928
721, 17.2293, 45.6565, 19.2455, 38.399, 5, 861922731048828928
722, 17.2293, 44.593, 20.5297, 38.399, 5, 861922731048828928
723, 17.5931, 43.6747, 19.143, 38.399, 5, 861922731048828928
724, 17.2127, 44.6471, 19.4836, 38.6457, 5, 861922731048828928
725, 17.2293, 44.4475, 19.1529, 38.399, 5, 861922731048828928
726, 17.2293, 44.4475, 20.812, 38.399, 5, 861922731048828928
727, 17.2293, 44.8346, 19.2949, 39.1264, 5, 861922731048828928
728, 17.2293, 44.2091, 19.2455, 38.0379, 5, 861922731048828928
729, 17.2293, 44.9826, 19.1984, 38.544, 5, 861922731048828928
730, 17.2293, 44.5543, 19.4898, 38.1847, 5, 861922731048828928
731, 17.2293, 45.5566, 18.6288, 38.7499, 5, 861922731048828928
732, 17.2293, 46.4321, 20.3578, 38.1698, 5, 861922731048828928
733, 17.2293, 44.4475, 18.9752, 38.399, 5, 861922731048828928
734, 17.2293, 44.2277, 19.2455, 38.399, 5, 861922731048828928
735, 17.0125, 45.9017, 19.2455, 38.399, 5, 861922731048828928
736, 17.564, 46.1318, 19.2455, 38.399, 5, 861922731048828928
737, 16.8561, 44.4475, 19.2455, 38.399, 5, 861922731048828928
738, 17.2293, 44.4475, 19.2455, 38.399, 5, 861922731048828928
739, 17.2293, 44.4475, 19.2455, 38.399, 5, 861922731048828928
740, 17.2293, 44.4475, 20.5297, 42.6333, 5, 861922731048828928
741, 17.2293, 44.4475, 19.2455, 38.399, 5, 861922731048828928
742, 16.6601, 44.4475, 19.2455, 38.399, 5, 861922731048828928
743, 18.1437, 45.8053, 19.3858, 38.399, 5, 861922731048828928
744, 17.2293, 44.4475, 18.852, 39.1737, 5, 861922731048828928
745, 17.5983, 44.9275, 19.2455, 39.8918, 5, 861922731048828928
746, 17.5342, 44.6471, 19.2455, 38.556, 5, 861922731048828928
747, 17.3285, 45.4338, 19.2455, 38.3434, 5, 861922731048828928
748, 17.2293, 45.931, 19.2455, 38.5904, 5, 861922731048828928
749, 17.5931, 44.0013, 19.2455, 38.1859, 5, 861922731048828928
750, 17.2293, 46.1022, 19.2455, 38.0835, 5, 861922731048828928
751, 17.2293, 44.4475, 20.1439, 38.399, 5, 861922731048828928
752, 17.3895, 44.4475, 21.1163, 38.3908, 5, 861922731048828928
753, 17.2293, 44.1934, 20.1001, 38.399, 5, 861922731048828928
754, 18.0933, 44.4475, 19.2455, 38.399, 5, 861922731048828928
755, 17.2293, 44.4475, 19.2455, 38.399, 5, 861922731048828928
756, 16.8061, 44.6157, 19.2455, 38.2284, 5, 861922731048828928
757, 17.2293, 44.6311, 20.1608, 38.399, 5, 861922731048828928
758, 18.2869, 45.2666, 19.2455, 37.8462, 5, 861922731048828928
759, 16.9272, 44.4475, 19.2455, 38.3544, 5, 861922731048828928
760, 17.2293, 44.0915, 19.2455, 39.1525, 5, 861922731048828928
761, 17.5603, 44.4475, 21.8652, 38.399, 5, 861922731048828928
762, 17.7798, 44.5543, 19.3401, 37.9887, 5, 861922731048828928
763, 17.2293, 44.4475, 19.2455, 38.2832, 5, 861922731048828928
764, 17.2293, 44.4475, 19.4163, 38.399, 5, 861922731048828928
765, 17.2293, 44.028, 19.2455, 38.399, 5, 861922731048828928
766, 17.2293, 44.6055, 19.2455, 38.0106, 5, 861922731048828928
767, 17.4972, 44.4475, 20.6679, 38.5863, 5, 861922731048828928
768, 17.564, 44.6163, 19.2455, 38.399, 5, 861922731048828928
769, 17.2149, 44.4475, 19.2455, 38.5136, 5, 861922731048828928
770, 17.2293, 46.296, 19.2455, 38.399, 5, 861922731048828928
771, 17.1777, 44.4475, 19.4163, 38.7303, 5, 861922731048828928
772, 17.4559, 44.4475, 19.2773, 39.1737, 5, 861922731048828928
773, 17.4159, 44.4475, 18.8301, 38.399, 5, 861922731048828928
774, 17.2293, 45.0026, 19.2455, 38.399, 5, 861922731048828928
775, 17.6295, 45.6125, 19.2455, 38.399, 5, 861922731048828928
776, 17.878, 45.4037, 20.8795, 37.9704, 5, 861922731048828928
777, 17.2293, 44.9858, 19.2455, 38.399, 5, 861922731048828928
778, 17.1881, 43.8176, 19.2455, 38.399, 5, 861922731048828928
779, 17.2293, 44.6311, 19.2455, 38.399, 5, 861922731048828928
780, 17.878, 44.4475, 19.2455, 38.399, 5, 861922731048828928
781, 17.3285, 46.8336, 19.2455, 38.399, 5, 861922731048828928
782, 18.8663, 43.9262, 21.065, 40.8595, 5, 861922731048828928
783, 17.2293, 44.4475, 19.2455, 38.2116, 5, 861922731048828928
784, 17.3418, 44.4475, 19.3367, 38.399, 5, 861922731048828928
785, 17.2293, 44.4475, 19.2455, 38.399, 5, 861922731048828928
786, 17.2293, 44.6658, 19.2455, 38.399, 5, 861922731048828928
787, 17.2293, 44.1934, 19.2455, 38.399, 5, 861922731048828928
788, 19.7001, 44.4475, 19.2455, 38.399, 5, 861922731048828928
789, 17.2293, 44.4475, 19.2455, 38.1608, 5, 861922731048828928
790, 17.2293, 44.4475, 18.8779, 38.399, 5, 861922731048828928
791, 16.8741, 44.76, 19.2455, 38.399, 5, 861922731048828928
792, 17.6561, 44.4475, 19.2455, 38.6125, 5, 861922731048828928
793, 17.6545, 46.0119, 19.2455, 38.399, 5, 861922731048828928
794, 17.2293, 44.4475, 19.2455, 38.399, 5, 861922731048828928
795, 17.2293, 44.4475, 19.2455, 38.399, 5, 861922731048828928
796, 16.9596, 45.8433, 19.2455, 38.3064, 5, 861922731048828928
797, 17.154, 44.4475, 20.7135, 38.399, 5, 861922731048828928
798, 17.2293, 44.4475, 19.2455, 38.399, 5, 861922731048828928
799, 17.2293, 44.4613, 19.2455, 38.399, 5, 861922731048828928
800, 19.1705, 46.364, 19.7901, 38.0974, 5, 861922731048828928
801, 17.0139, 44.6281, 19.2455, 39.1264, 5, 861922731048828928
802, 17.2293, 44.4896, 20.1761, 38.399, 5, 861922731048828928
803, 17.2293, 45.3883, 20.8675, 38.399, 5, 861922731048828928
804, 17.2293, 48.6824, 18.852, 38.399, 5, 861922731048828928
805, 17.4993, 44.4475, 19.2455, 38.399, 5, 861922731048828928
806, 17.2207, 44.4475, 20.7295, 38.399, 5, 861922731048828928
807, 17.7435, 44.4475, 19.2455, 38.399, 5, 861922731048828928
808, 17.2293, 44.6208, 19.2455, 38.399, 5, 861922731048828928
809, 18.9489, 44.5543, 19.2455, 38.0658, 5, 861922731048828928
810, 17.534, 44.8812, 19.2455, 38.3901, 5, 861922731048828928
811, 17.1482, 44.4475, 20.5297, 38.399, 5, 861922731048828928
812, 17.2293, 44.4475, 20.6679, 38.2351, 5, 861922731048828928
813, 17.4212, 44.5933, 19.2455, 38.399, 5, 861922731048828928
814, 17.2293, 45.2774, 19.1342, 38.3527, 5, 861922731048828928
815, 17.67, 44.4475, 19.5889, 38.399, 5, 861922731048828928
816, 16.9541, 44.5557, 19.1788, 38.399, 5, 861922731048828928
817, 17.2293, 44.3095, 20.2906, 38.399, 5, 861922731048828928
818, 17.5603, 44.4475, 19.6459, 38.399, 5, 861922731048828928
819, 17.2293, 44.4475, 19.2455, 38.399, 5, 861922731048828928
820, 17.4227, 44.4475, 19.4755, 38.399, 5, 861922731048828928
821, 17.2293, 44.5047, 19.6551, 38.399, 5, 861922731048828928
822, 17.0795, 44.4907, 19.2024, 38.5661, 5, 861922731048828928
823, 17.2293, 45.0962, 19.7882, 38.399, 5, 861922731048828928
824, 17.2293, 44.4475, 19.2455, 38.399, 5, 861922731048828928
825, 17.2293, 44.2038, 19.8408, 39.0477, 5, 861922731048828928
826, 18.3654, 44.4194, 19.2455, 38.399, 5, 861922731048828928
827, 17.2293, 46.1516, 19.2455, 38.399, 5, 861922731048828928
828, 17.8935, 44.864, 20.0011, 38.1363, 5, 861922731048828928
829, 17.044, 44.1968, 19.5534, 38.399, 5, 861922731048828928
830, 17.7798, 44.4475, 19.2455, 38.6825, 5, 861922731048828928
831, 19.1705, 44.2345, 19.2455, 38.399, 5, 861922731048828928
832, 17.2293, 44.4475, 20.0503, 38.399, 5, 861922731048828928
833, 16.7074, 43.9728, 18.7318, 38.399, 5, 861922731048828928
834, 17.2293, 44.4475, 19.4632, 38.399, 5, 861922731048828928
835, 17.2293, 43.9262, 19.6856, 38.1513, 5, 861922731048828928
836, 17.2293, 44.4475, 20.3347, 38.5136, 5, 861922731048828928
837, 17.6561, 44.4475, 19.2455, 38.399, 5, 861922731048828928
838, 17.0262, 44.4475, 18.9287, 38.399, 5, 861922731048828928
839, 17.2293, 44.4475, 20.6375, 39.3267, 5, 861922731048828928
840, 17.3802, 44.4475, 19.2344, 38.9526, 5, 861922731048828928
841, 17.564, 45.4338, 19.2812, 38.399, 5, 861922731048828928
842, 17.2293, 44.4475, 20.3873, 38.399, 5, 861922731048828928
843, 17.2293, 43.8653, 18.8907, 38.5922, 5, 861922731048828928
844, 17.2293, 44.4824, 19.2455, 38.0658, 5, 861922731048828928
845, 17.2293, 46.1318, 19.2455, 38.399, 5, 861922731048828928
846, 16.986, 44.4896, 19.2455, 38.2455, 5, 861922731048828928
847, 17.5609, 44.8186, 19.2455, 38.2431, 5, 861922731048828928
848, 17.2293, 44.4475, 19.2455, 38.399, 5, 861922731048828928
849, 17.0828, 44.4475, 19.2455, 39.8058, 5, 861922731048828928
850, 17.8969, 44.4475, 20.9611, 38.399, 5, 861922731048828928
851, 17.0355, 44.4475, 19.2455, 39.6704, 5, 861922731048828928
852, 17.2293, 44.4475, 19.9593, 38.717, 5, 861922731048828928
853, 17.5846, 44.4475, 19.2455, 38.399, 5, 861922731048828928
854, 17.4697, 45.1831, 19.2773, 38.638, 5, 861922731048828928
855, 17.2293, 44.4475, 19.2455, 40.4116, 5, 861922731048828928
856, 17.2293, 44.4475, 19.2455, 38.6457, 5, 861922731048828928
857, 17.2293, 44.4475, 19.3425, 38.2431, 5, 861922731048828928
858, 18.4018, 44.4475, 20.3965, 37.9217, 5, 861922731048828928
859, 17.2293, 43.9304, 19.7962, 38.399, 5, 861922731048828928
860, 18.1263, 49.431, 20.3502, 39.0721, 5, 861922731048828928
861, 17.2293, 44.4475, 19.2455, 38.6592, 5, 861922731048828928
862, 17.6561, 44.7203, 20.4959, 39.6262, 5, 861922731048828928
863, 17.2293, 44.4475, 19.2455, 38.0055, 5, 861922731048828928
864, 17.2293, 44.4475, 19.2455, 38.399, 5, 861922731048828928
865, 17.6561, 44.4475, 19.6796, 38.399, 5, 861922731048828928
866, 17.2293, 44.4475, 19.2455, 38.399, 5, 861922731048828928
867, 16.4836, 44.7057, 19.2121, 39.7409, 5, 861922731048828928
868, 17.2293, 44.3698, 21.0242, 38.399, 5, 861922731048828928
869, 17.8413, 45.9724, 18.6359, 38.0684, 5, 861922731048828928
870, 17.2293, 44.491, 19.6609, 38.0445, 5, 861922731048828928
871, 17.2293, 44.4475, 19.5868, 38.399, 5, 861922731048828928
872, 17.6711, 44.4475, 19.2455, 38.399, 5, 861922731048828928
873, 17.2293, 44.0961, 19.2455, 38.399, 5, 861922731048828928
874, 18.2763, 44.4475, 19.2455, 38.0999, 5, 861922731048828928
875, 18.2828, 44.4475, 18.852, 38.399, 5, 861922731048828928
876, 17.2293, 44.4475, 19.2455, 38.399, 5, 861922731048828928
877, 17.2293, 44.2285, 19.2455, 38.3109, 5, 861922731048828928
878, 17.2293, 44.4475, 19.2455, 39.2031, 5, 861922731048828928
879, 17.2293, 44.2782, 19.3636, 40.2912, 5, 861922731048828928
880, 16.8494, 44.4475, 21.0468, 38.399, 5, 861922731048828928
881, 17.2293, 44.0217, 19.2455, 38.399, 5, 861922731048828928
882, 17.2293, 44.4475, 19.7901, 38.399, 5, 861922731048828928
883, 17.6448, 44.4475, 19.2455, 38.399, 5, 861922731048828928
884, 17.5704, 44.4475, 20.0503, 38.399, 5, 861922731048828928
885, 17.2293, 43.9187, 19.7948, 39.0101, 5, 861922731048828928
886, 17.2293, 44.4475, 19.166, 38.399, 5, 861922731048828928
887, 17.878, 44.4475, 19.6856, 38.876, 5, 861922731048828928
888, 18.3658, 45.9071, 20.9148, 38.885, 5, 861922731048828928
889, 17.2293, 44.6743, 19.2455, 38.399, 5, 861922731048828928
890, 17.2293, 44.4475, 19.4686, 38.399, 5, 861922731048828928
891, 17.8072, 47.718, 19.1768, 39.0477, 5, 861922731048828928
892, 17.878, 44.4475, 19.455, 38.399, 5, 861922731048828928
893, 17.2293, 44.7382, 18.8949, 38.399, 5, 861922731048828928
894, 16.9319, 44.4475, 19.2916, 38.1944, 5, 861922731048828928
895, 17.2293, 44.4475, 19.2455, 38.399, 5, 861922731048828928
896, 17.2293, 44.9641, 19.5073, 38.399, 5, 861922731048828928
897, 18.1532, 44.0013, 19.2949, 38.399, 5, 861922731048828928
898, 17.2293, 46.1102, 19.2455, 38.399, 5, 861922731048828928
899, 17.6561, 45.917, 19.2455, 38.399, 5, 861922731048828928
900, 17.2293, 44.4475, 19.0932, 38.399, 5, 861922731048828928
901, 17.1421, 44.4475, 19.6565, 38.399, 5, 861922731048828928
902, 17.8969, 45.6687, 19.2455, 38.2886, 5, 861922731048828928
903, 18.3735, 46.3355, 19.2455, 39.4408, 5, 861922731048828928
904, 17.2293, 44.7886, 19.2455, 39.1264, 5, 861922731048828928
905, 17.1467, 44.4475, 19.2455, 38.399, 5, 861922731048828928
906, 17.2293, 44.4475, 19.3235, 37.7674, 5, 861922731048828928
907, 17.2293, 44.4475, 19.622, 38.399, 5, 861922731048828928
908, 18.3157, 44.0937, 19.2455, 38.399, 5, 861922731048828928
909, 17.2293, 43.7365, 19.5534, 38.399, 5, 861922731048828928
910, 17.2293, 44.4475, 20.3873, 38.9526, 5, 861922731048828928
911, 17.2293, 47.0905, 19.2455, 38.399, 5, 861922731048828928
912, 17.2293, 44.4475, 19.2455, 38.399, 5, 861922731048828928
913, 20.7594, 46.0119, 19.2455, 38.399, 5, 861922731048828928
914, 17.7798, 44.4475, 19.2455, 39.8058, 5, 861922731048828928
915, 17.3934, 44.4475, 21.4729, 38.6786, 5, 861922731048828928
916, 17.2293, 45.1889, 19.891, 38.399, 5, 861922731048828928
917, 17.6906, 44.7895, 18.996, 37.8986, 5, 861922731048828928
918, 17.2293, 44.4475, 19.2455, 38.399, 5, 861922731048828928
919, 17.2293, 43.9454, 19.2455, 38.399, 5, 861922731048828928
920, 17.5076, 44.6583, 18.6601, 38.399, 5, 861922731048828928
921, 18.0566, 44.4475, 20.4037, 38.9526, 5, 861922731048828928
922, 17.2293, 44.3911, 19.12, 38.8226, 5, 861922731048828928
923, 17.2293, 44.5064, 19.1278, 38.399, 5, 861922731048828928
924, 17.2293, 45.6411, 19.2455, 38.399, 5, 861922731048828928
925, 17.2293, 44.4475, 19.2455, 38.399, 5, 861922731048828928
926, 17.3756, 44.4475, 19.2455, 38.399, 5, 861922731048828928
927, 17.2293, 44.4475, 19.2455, 38.4713, 5, 861922731048828928
928, 18.2726, 45.0376, 20.2613, 39.1264, 5, 861922731048828928
929, 17.2293, 44.4475, 19.2455, 37.6539, 5, 861922731048828928
930, 18.5274, 44.4475, 19.2983, 38.399, 5, 861922731048828928
931, 17.8214, 44.4475, 19.2455, 38.491, 5, 861922731048828928
932, 17.2293, 44.4475, 18.7556, 39.1415, 5, 861922731048828928
933, 17.2293, 44.4475, 18.7102, 38.399, 5, 861922731048828928
934, 18.284, 44.4475, 19.2455, 38.5135, 5, 861922731048828928
935, 18.4048, 44.1841, 19.2455, 38.399, 5, 861922731048828928
936, 17.2293, 44.4475, 23.5074, 38.399, 5, 861922731048828928
937, 17.2293, 44.4475, 19.2455, 38.399, 5, 861922731048828928
938, 17.2322, 46.0119, 19.2455, 38.3047, 5, 861922731048828928
939, 17.2293, 44.9028, 19.2455, 38.1221, 5, 861922731048828928
940, 17.2293, 44.4475, 19.2455, 39.1688, 5, 861922731048828928
941, 17.1649, 44.4475, 19.2455, 38.2102, 5, 861922731048828928
942, 16.9272, 45.7473, 20.3657, 38.399, 5, 861922731048828928
943, 17.2293, 44.4624, 21.1818, 38.399, 5, 861922731048828928
944, 17.2293, 44.4475, 19.7775, 38.399, 5, 861922731048828928
945, 17.2293, 44.5026, 19.2455, 39.6295, 5, 861922731048828928
946, 18.322, 44.4475, 19.2455, 38.399, 5, 861922731048828928
947, 17.2293, 44.5645, 19.2455, 38.399, 5, 861922731048828928
948, 17.2293, 45.4668, 19.2455, 38.399, 5, 861922731048828928
949, 21.1117, 46.3378, 19.9051, 38.9781, 5, 861922731048828928
950, 17.1248, 47.3714, 19.2455, 38.399, 5, 861922731048828928
951, 17.2293, 43.9552, 19.2455, 38.6268, 5, 861922731048828928
952, 17.7088, 44.4475, 19.2455, 38.399, 5, 861922731048828928
953, 17.2293, 44.9722, 19.2455, 38.399, 5, 861922731048828928
954, 17.2293, 44.4475, 20.3873, 38.1698, 5, 861922731048828928
955, 17.1293, 44.4475, 19.2455, 39.0268, 5, 861922731048828928
956, 17.2293, 44.9275, 19.3924, 38.399, 5, 861922731048828928
957, 17.7906, 44.4475, 19.2455, 38.3047, 5, 861922731048828928
958, 17.2293, 44.4475, 19.2455, 38.399, 5, 861922731048828928
959, 18.837, 44.4475, 19.2455, 38.399, 5, 861922731048828928
960, 17.2293, 44.9275, 19.2455, 38.1983, 5, 861922731048828928
961, 17.878, 44.4475, 19.2455, 38.1399, 5, 861922731048828928
962, 17.2293, 44.4475, 19.0938, 38.5667, 5, 861922731048828928
963, 17.2293, 44.081, 19.2455, 38.9486, 5, 861922731048828928
964, 17.2293, 44.5919, 19.2455, 38.399, 5, 861922731048828928
965, 17.2293, 44.4475, 19.2455, 38.041, 5, 861922731048828928
966, 17.8856, 44.2785, 19.2211, 38.399, 5, 861922731048828928
967, 17.2293, 44.4475, 19.2455, 38.399, 5, 861922731048828928
968, 18.1532, 44.4475, 19.4316, 39.0477, 5, 861922731048828928
969, 17.2293, 44.4464, 19.2455, 40.0677, 5, 861922731048828928
970, 17.2293, 44.4475, 19.6565, 38.2382, 5, 861922731048828928
971, 16.949, 44.4475, 19.622, 38.399, 5, 861922731048828928
972, 17.2293, 45.3883, 19.0677, 38.399, 5, 861922731048828928
973, 17.2293, 44.4475, 19.6631, 38.9526, 5, 861922731048828928
974, 17.2293, 44.2552, 18.852, 38.399, 5, 861922731048828928
975, 17.2293, 44.5322, 18.7809, 38.0835, 5, 861922731048828928
976, 17.2293, 44.4475, 19.9076, 38.399, 5, 861922731048828928
977, 17.2293, 44.4475, 19.2763, 38.399, 5, 861922731048828928
978, 17.2293, 46.8228, 19.2455, 38.3971, 5, 861922731048828928
979, 17.2293, 44.5919, 19.7175, 38.399, 5, 861922731048828928
980, 17.2293, 44.028, 19.2455, 38.399, 5, 861922731048828928
981, 17.2293, 45.1128, 19.3914, 37.83, 5, 861922731048828928
982, 17.2293, 44.4475, 19.7004, 38.399, 5, 861922731048828928
983, 17.0096, 44.054, 20.2396, 39.4993, 5, 861922731048828928
984, 17.2293, 44.3914, 19.2455, 38.399, 5, 861922731048828928
985, 17.2293, 45.4599, 19.2455, 38.399, 5, 861922731048828928
986, 17.2293, 44.4475, 19.2455, 38.399, 5, 861922731048828928
987, 17.2293, 44.4475, 19.4868, 38.399, 5, 861922731048828928
988, 17.2683, 44.6596, 19.2455, 39.535, 5, 861922731048828928
989, 17.2293, 45.0469, 19.6207, 38.917, 5, 861922731048828928
990, 17.2293, 44.4006, 19.1502, 38.399, 5, 861922731048828928
991, 21.7895, 44.4475, 19.2455, 39.2031, 5, 861922731048828928
992, 18.2524, 44.6558, 18.8397, 38.399, 5, 861922731048828928
993, 17.2293, 44.4475, 19.2455, 37.9546, 5, 861922731048828928
994, 17.2619, 44.4475, 19.2455, 38.399, 5, 861922731048828928
995, 18.0383, 44.4475, 19.2773, 39.1737, 5, 861922731048828928
996, 16.9321, 45.8602, 19.0709, 38.399, 5, 861922731048828928
997, 17.2293, 47.55, 19.2455, 39.7691, 5, 861922731048828928
998, 17.8072, 44.4475, 19.2455, 38.2177, 5, 861922731048828928
999, 17.2293, 47.5392, 19.2455, 39.5687, 5, 861922731048828928
